Movie_Title,Release_Date,Wikipedia_URL,Genre,Director_1,Director_2,Cast_1,Cast_2,Cast_3,Cast_4,Cast_5,Budget,Revenue
10 Cloverfield Lane,3/8/16,https://en.wikipedia.org/wiki/10_Cloverfield_Lane,Suspense,Dan Trachtenberg,,Mary Elizabeth Winstead,John Goodman,John Gallagher,,,$15000000.00 ,$108300000.00 
13 Hours: The Secret Soldiers of Benghazi,1/15/16,https://en.wikipedia.org/wiki/13_Hours:_The_Secret_Soldiers_of_Benghazi,Ação,Michael Bay,,James Badge Dale,John Krasinski,Toby Stephens,Pablo Schreiber,Max Martini,$45000000.00 ,$69400000.00 
2 Guns,8/2/13,https://en.wikipedia.org/wiki/2_Guns,Ação,Baltasar Kormákur,,Mark Wahlberg,Denzel Washington,Paula Patton,Bill Paxton,Edward James Olmos,$61000000.00 ,$131900000.00 
21 Jump Street,3/16/12,https://en.wikipedia.org/wiki/21_Jump_Street_(film),Comédia,Phil Lord,Chris Miller,Jonah Hill,Channing Tatum,Ice Cube,Brie Larson,Rob Riggle,$55000000.00 ,$201500000.00 
22 Jump Street,6/4/14,https://en.wikipedia.org/wiki/22_Jump_Street,Ação,Phil Lord,Chris Miller,Channing Tatum,Jonah Hill,Ice Cube,,,$84500000.00 ,$331300000.00 
300: Rise of an Empire,3/4/14,https://en.wikipedia.org/wiki/300:_Rise_of_an_Empire,Ação,Noam Murro,,Rodrigo Santoro,Eva Green,Sullivan Stapleton,Hans Matheson,Lena Headey,$110000000.00 ,$337600000.00 
42,4/12/13,https://en.wikipedia.org/wiki/42_(film),Biografia,Brian Helgeland,,Harrison Ford,Chadwick Boseman,Christopher Meloni,Ryan Merriman,Andre Holland,$40000000.00 ,$97500000.00 
71,2/7/14,https://en.wikipedia.org/wiki/%252771_(film),Ação,Yann Demange,,Jack O'Connell,Richard Dormer,Sean Harris,Sam Reid,,$8100000.00 ,$2900000.00 
90 Minutes in Heaven,9/11/15,https://en.wikipedia.org/wiki/90_Minutes_in_Heaven_(film),Drama,Michael Polish,,Hayden Christensen,Kate Bosworth,Dwight Yoakam,Michael W. Smith,,$5000000.00 ,$4800000.00 
A Good Day to Die Hard,2/14/13,https://en.wikipedia.org/wiki/A_Good_Day_to_Die_Hard,Ação,John Moore,,Bruce Willis,Jai Courtney,Sebastian Koch,Yuliya Snigir,Radivoje Bukvić,$92000000.00 ,$304700000.00 
A Haunted House,1/11/13,https://en.wikipedia.org/wiki/A_Haunted_House_(film),Comédia,Michael Tiddes,,Marlon Wayans,Nick Swardson,David Koechner,Essence Atkins,Cedric the Entertainer,$2500000.00 ,$60100000.00 
A Haunted House 2,4/18/14,https://en.wikipedia.org/wiki/A_Haunted_House_2,Comédia,Michael Tiddes,,Marlon Wayans,Jaime Pressly,Essence Atkins,Cedric the Entertainer,Gabriel Iglesias,$4000000.00 ,$24000000.00 
A Long Way Down,2/10/14,https://en.wikipedia.org/wiki/A_Long_Way_Down_(film),Comédia,Pascal Chaumeil,,Toni Collette,Pierce Brosnan,Aaron Paul,Imogen Poots,,$22700000.00 ,$7100000.00 
A Most Violent Year,11/6/14,https://en.wikipedia.org/wiki/A_Most_Violent_Year,Ação,J. C. Chandor,,Oscar Isaac,Jessica Chastain,Alessandro Nivola,David Oyelowo,Albert Brooks,$20000000.00 ,$12000000.00 
A Most Wanted Man,1/19/14,https://en.wikipedia.org/wiki/A_Most_Wanted_Man_(film),Suspense,Anton Corbijn,,Philip Seymour Hoffman,Rachel McAdams,Robin Wright,Willem Dafoe,Grigoriy Dobrygin,$15000000.00 ,$36200000.00 
A Thousand Words,3/9/12,https://en.wikipedia.org/wiki/A_Thousand_Words_(film),Comédia,Brian Robbins,,Eddie Murphy,Kerry Washington,Cliff Curtis,Clark Duke,Allison Janney,$40000000.00 ,$22000000.00 
A Walk Among the Tombstones,9/19/14,https://en.wikipedia.org/wiki/A_Walk_Among_the_Tombstones_(film),Crime,Scott Frank,,Liam Neeson,Dan Stevens,Ruth Wilson,Boyd Holbrook,,$28000000.00 ,$58800000.00 
A Walk in the Woods,1/23/15,https://en.wikipedia.org/wiki/A_Walk_in_the_Woods_(film),Aventura,Ken Kwapis,,Robert Redford,Nick Nolte,Emma Thompson,,,$8000000.00 ,$36000000.00 
Abraham Lincoln: Vampire Hunter,6/22/12,https://en.wikipedia.org/wiki/Abraham_Lincoln:_Vampire_Hunter_(film),Terror,Timur Bekmambetov,,Benjamin Walker,Dominic Cooper,Anthony Mackie,Mary Elizabeth Winstead,Rufus Sewell,$99500000.00 ,$116400000.00 
After Earth,5/31/13,https://en.wikipedia.org/wiki/After_Earth,Ficção científica,M. Night Shyamalan,,Jaden Smith,Will Smith,Isabelle Fuhrman,Zoe Kravitz,,$130000000.00 ,$243800000.00 
Ain't Them Bodies Saints,8/16/13,https://en.wikipedia.org/wiki/Ain%2527t_Them_Bodies_Saints,Drama,David Lowery,,Casey Affleck,Rooney Mara,Ben Foster,Rami Malek,Keith Carradine,$4000000.00 ,$1000000.00 
Alex Cross,10/19/12,https://en.wikipedia.org/wiki/Alex_Cross_(film),Crime,Rob Cohen,,Tyler Perry,Matthew Fox,Rachel Nichols,Edward Burns,Jean Reno,$35000000.00 ,$34600000.00 
Aloha,5/27/15,https://en.wikipedia.org/wiki/Aloha_(film),Romance,Cameron Crowe,,Bradley Cooper,Emma Stone,Alec Baldwin,Rachel McAdams,Bill Murray,$52000000.00 ,$26300000.00 
Alvin and the Chipmunks: The Road Chip,12/18/15,https://en.wikipedia.org/wiki/Alvin_and_the_Chipmunks:_The_Road_Chip,Comédia,Walt Becker,,Jason Lee,Tony Hale,Kimberly Williams-Paisley,Josh Green,Bella Thorne,$90000000.00 ,$234800000.00 
American Reunion,4/6/12,https://en.wikipedia.org/wiki/American_Reunion,Comédia,Jon Hurwitz,,Alyson Hannigan,Seann William Scott,Tara Reid,Jason Biggs,Eugene Levy,$50000000.00 ,$235000000.00 
American Sniper,11/11/14,https://en.wikipedia.org/wiki/American_Sniper,Drama,Clint Eastwood,,Bradley Cooper,Sienna Miller,Max Charles,Luke Grimes,,$58800000.00 ,$547400000.00 
American Ultra,8/21/15,https://en.wikipedia.org/wiki/American_Ultra,Ação,Nima Nourizadeh,,Jesse Eisenberg,Kristen Stewart,Connie Britton,Topher Grace,John Leguizamo,$28000000.00 ,$27100000.00 
Amy,6/16/15,https://en.wikipedia.org/wiki/Amy_(2015_film),Biografia,Asif Kapadia,,Amy Winehouse,Mitchell Winehouse,Janis Winehouse,Raye Cosbert,Nick Shymansky,$3400000.00 ,$22000000.00 
Annabelle,9/26/14,https://en.wikipedia.org/wiki/Annabelle_(film),Terror,John R. Leonetti,,Annabelle Wallis,Alfre Woodard,Eric Ladin,Brian Howe,,$6500000.00 ,$256900000.00 
Annie,12/7/14,https://en.wikipedia.org/wiki/Annie_(2014_film),Comédia,Will Gluck,,Quvenzhané Wallis,Jamie Foxx,Cameron Diaz,Rose Byrne,Bobby Cannavale,$65000000.00 ,$133800000.00 
Ant-Man,6/29/15,https://en.wikipedia.org/wiki/Ant-Man_(film),Ação,Peyton Reed,,Paul Rudd,Evangeline Lilly,Corey Stoll,Bobby Cannavale,Michael Peña,$130000000.00 ,$519400000.00 
Argo,10/12/12,https://en.wikipedia.org/wiki/Argo_(2012_film),Drama,Ben Affleck,,Ben Affleck,John Goodman,Alan Arkin,Bryan Cranston,Victor Garber,$44500000.00 ,$232300000.00 
"As Above, So Below",8/29/14,"https://en.wikipedia.org/wiki/As_Above,_So_Below_(film)",Terror,John Erick Dowdle,,Drew Dowdle (screenplay)Perdita Weeks,Ben Feldman,Edwin Hodge,François Civil,Marion Lambert,$5000000.00 ,$5000000.00 
Bad Moms,7/29/16,https://en.wikipedia.org/wiki/Bad_Moms,Comédia,Jon Lucas,Scott Moore,Mila Kunis,Christina Applegate,Kristen Bell,Jada Pinkett Smith,Kathryn Hahn,$20000000.00 ,$124200000.00 
Barbershop: The Next Cut,4/15/16,https://en.wikipedia.org/wiki/Barbershop:_The_Next_Cut,Comédia,Malcolm D. Lee,,Ice Cube,Cedric the Entertainer,Nicki Minaj,Regina Hall,Eve,$20000000.00 ,$55000000.00 
Batman v Superman: Dawn of Justice,3/19/16,https://en.wikipedia.org/wiki/Batman_v_Superman:_Dawn_of_Justice,Ação,Zack Snyder,,Ben Affleck,Henry Cavill,Amy Adams,Jesse Eisenberg,Diane Lane,$250000000.00 ,$872700000.00 
Batman: The Killing Joke,7/25/16,https://en.wikipedia.org/wiki/Batman:_The_Killing_Joke_(film),Ação,Sam Liu,Bruce Timm,Kevin Conroy,Mark Hamill,Tara Strong,Ray Wise,,$3500000.00 ,$4400000.00 
Battle of the Year,9/20/13,https://en.wikipedia.org/wiki/Battle_of_the_Year_(film),Musical,Benson Lee,,Josh Holloway,Laz Alonso,Josh Peck,Caity Lotz,Chris Brown,$20000000.00 ,$16500000.00 
Battleship,5/18/12,https://en.wikipedia.org/wiki/Battleship_(film),Ação,Peter Berg,,Alexander Skarsgård,Taylor Kitsch,Brooklyn Decker,Rihanna,Liam Neeson,$220000000.00 ,$303000000.00 
Beasts of the Southern Wild,6/27/12,https://en.wikipedia.org/wiki/Beasts_of_the_Southern_Wild,Drama,Benh Zeitlin,,Quvenzhané Wallis,Dwight Henry,,,,$1800000.00 ,$21900000.00 
Beautiful Creatures,2/14/13,https://en.wikipedia.org/wiki/Beautiful_Creatures_(2013_film),Fantasia,Richard LaGravenese,,Viola Davis,Alice Englert,Emma Thompson,Emmy Rossum,Jeremy Irons,$60000000.00 ,$60100000.00 
Before I Go to Sleep,9/4/14,https://en.wikipedia.org/wiki/Before_I_Go_to_Sleep_(film),Mistério,Rowan Joffé,,Nicole Kidman,Mark Strong,Colin Firth,Anne-Marie Duff,,$22000000.00 ,$15100000.00 
Ben-Hur,8/19/16,https://en.wikipedia.org/wiki/Ben-Hur_(2016_film),Aventura,Timur Bekmambetov,,Jack Huston,Morgan Freeman,Toby Kebbell,Rodrigo Santoro,Nazanin Boniadi,$100000000.00 ,$41400000.00 
Beyond the Lights,9/6/14,https://en.wikipedia.org/wiki/Beyond_the_Lights,Romance,Gina Prince-Bythewood,,Gugu Mbatha-Raw,Nate Parker,Minnie Driver,Danny Glover,,$7000000.00 ,$14600000.00 
Big Eyes,12/25/14,https://en.wikipedia.org/wiki/Big_Eyes,Biografia,Tim Burton,,Amy Adams,Christoph Waltz,Krysten Ritter,Danny Huston,Terence Stamp,$10000000.00 ,$29300000.00 
Black Mass,9/4/15,https://en.wikipedia.org/wiki/Black_Mass_(film),Ação,Scott Cooper,,Johnny Depp,Joel Edgerton,Benedict Cumberbatch,Sienna Miller,Dakota Johnson,$53000000.00 ,$99800000.00 
Blackhat,1/8/15,https://en.wikipedia.org/wiki/Blackhat_(film),Ação,Michael Mann,,Chris Hemsworth,Viola Davis,John Ortiz,Yorick van Wageningen,Tang Wei,$70000000.00 ,$19700000.00 
Blended,5/23/14,https://en.wikipedia.org/wiki/Blended_(film),Comédia,Frank Coraci,,Adam Sandler,Drew Barrymore,Bella Thorne,Emma Fuhrmann,Terry Crews,$40000000.00 ,$128000000.00 
Blue Jasmine,7/26/13,https://en.wikipedia.org/wiki/Blue_Jasmine,Drama,Woody Allen,,Alec Baldwin,Cate Blanchett,Bobby Cannavale,Louis C.K.,Andrew Dice Clay,$18000000.00 ,$97500000.00 
Boyhood,1/19/14,https://en.wikipedia.org/wiki/Boyhood_(film),Drama,Richard Linklater,,Ethan Hawke,Patricia Arquette,Ellar Coltrane,,,$4000000.00 ,$44500000.00 
Brick Mansions,4/23/14,https://en.wikipedia.org/wiki/Brick_Mansions,Ação,Camille Delamarre,,Paul Walker,David Belle,RZA,,,$23000000.00 ,$69000000.00 
Bridge of Spies,10/4/15,https://en.wikipedia.org/wiki/Bridge_of_Spies_(film),Drama,Steven Spielberg,,Tom Hanks,Mark Rylance,Amy Ryan,Alan Alda,Austin Stowell,$40000000.00 ,$165500000.00 
Brooklyn,1/26/15,https://en.wikipedia.org/wiki/Brooklyn_(film),Drama,John Crowley,,Saoirse Ronan,Emory Cohen,Domhnall Gleeson,Jim Broadbent,Julie Walters,$11000000.00 ,$62100000.00 
Bullet to the Head,2/1/13,https://en.wikipedia.org/wiki/Bullet_to_the_Head,Crime,Walter Hill,,Sylvester Stallone,Sung Kang,Sarah Shahi,Adewale Akinnuoye-Agbaje,Religious Slater,$55000000.00 ,$21900000.00 
Burnt,10/6/15,https://en.wikipedia.org/wiki/Burnt_(film),Comédia,John Wells,,Bradley Cooper,Jamie Dornan,Emma Thompson,Sienna Miller,Daniel Brühl,$20000000.00 ,$36600000.00 
By the Sea,11/5/15,https://en.wikipedia.org/wiki/By_the_Sea_(2015_film),Drama,Angelina Jolie,,Angelina Jolie,Brad Pitt,Mélanie Laurent,Niels Arestrup,Melvil Poupaud,$10000000.00 ,$3300000.00 
Captain America: The Winter Soldier,3/13/14,https://en.wikipedia.org/wiki/Captain_America:_The_Winter_Soldier,Ação,Anthony Russo,Joe Russo,Chris Evans,Scarlett Johansson,Sebastian Stan,Anthony Mackie,Cobie Smulders,$170000000.00 ,$714400000.00 
Captive,9/18/15,https://en.wikipedia.org/wiki/Captive_(2015_film),Crime,Jerry Jameson,,David Oyelowo,Kate Mara,Michael K. Williams,Leonor Varela,Jessica Oyelowo,$2000000.00 ,$2800000.00 
Carol,5/17/15,https://en.wikipedia.org/wiki/Carol_(film),Drama,Todd Haynes,,Cate Blanchett,Rooney Mara,Sarah Paulson,Kyle Chandler,Jake Lacy,$11800000.00 ,$40300000.00 
Central Intelligence,6/10/16,https://en.wikipedia.org/wiki/Central_Intelligence,Ação,Rawson Marshall Thurber,,Dwayne Johnson,Kevin Hart,Amy Ryan,Aaron Paul,,$50000000.00 ,$212200000.00 
Cesar Chavez,2/12/14,https://en.wikipedia.org/wiki/Cesar_Chavez_(film),Drama,Diego Luna,,Michael Peña,America Ferrera,Rosario Dawson,John Malkovich,,$10000000.00 ,$6700000.00 
Chappie,3/4/15,https://en.wikipedia.org/wiki/Chappie_(film),Ficção científica,Neill Blomkamp,,Sharlto Copley,Ninja,Yolandi Visser,Dev Patel,Hugh Jackman,$49000000.00 ,$102100000.00 
Chasing Mavericks,10/26/12,https://en.wikipedia.org/wiki/Chasing_Mavericks,Biografia,Curtis Hanson,Michael Apted,Gerard Butler,Jonny Weston,Elisabeth Shue,Abigail Spencer,,$20000000.00 ,$8300000.00 
Chef,3/7/14,https://en.wikipedia.org/wiki/Chef_(film),Comédia,Jon Favreau,,Jon Favreau,Sofía Vergara,Scarlett Johansson,John Leguizamo,Robert Downey,$11000000.00 ,$46000000.00 
Chernobyl Diaries,5/25/12,https://en.wikipedia.org/wiki/Chernobyl_Diaries,Terror,Bradley Parker,,Jonathan Sadowski,Devin Kelley,Jesse McCartney,Olivia Taylor Dudley,Nathan Phillips,$1000000.00 ,$37200000.00 
Child 44,4/17/15,https://en.wikipedia.org/wiki/Child_44_(film),Drama,Daniel Espinosa,,Tom Hardy,Gary Oldman,Joel Kinnaman,Noomi Rapace,Jason Clarke,$50000000.00 ,$13000000.00 
Chronicle,2/3/12,https://en.wikipedia.org/wiki/Chronicle_(film),Ficção científica,Josh Trank,,Dane DeHaan,Michael B. Jordan,Alex Russell,Michael Kelly,,$12000000.00 ,$126600000.00 
Cloud Atlas,10/26/12,https://en.wikipedia.org/wiki/Cloud_Atlas_(film),Drama,Tom Tykwer,Andy Wachowski,Tom Hanks,Jim Sturgess,David Gyasi,Jim Broadbent,Ben Whishaw,$128500000.00 ,$130500000.00 
Cloudy with a Chance of Meatballs 2,9/27/13,https://en.wikipedia.org/wiki/Cloudy_with_a_Chance_of_Meatballs_2,Família,Cody Cameron,Kris Pearn,Anna Faris,Bill Hader,Andy Samberg,Kristen Schaal,James Caan,$78000000.00 ,$274300000.00 
Concussion,12/25/15,https://en.wikipedia.org/wiki/Concussion_(2015_film),Drama,Peter Landesman,,Will Smith,Alec Baldwin,Gugu Mbatha-Raw,Albert Brooks,Paul Reiser,$57000000.00 ,$50300000.00 
Creed,11/25/15,https://en.wikipedia.org/wiki/Creed_(film),Drama,Ryan Coogler,,Michael B. Jordan,Sylvester Stallone,Tessa Thompson,Graham McTavish,Tony Bellew,$40000000.00 ,$173600000.00 
Criminal,4/15/16,https://en.wikipedia.org/wiki/Criminal_(2016_film),Ação,Ariel Vromen,,Kevin Costner,Gary Oldman,Tommy Lee Jones,Alice Eve,Gal Gadot,$31500000.00 ,$35600000.00 
Crimson Peak,10/16/15,https://en.wikipedia.org/wiki/Crimson_Peak,Terror,Guillermo del Toro,,Mia Wasikowska,Tom Hiddleston,Charlie Hunnam,Jessica Chastain,Jim Beaver,$55000000.00 ,$74700000.00 
Daddy's Home,12/25/15,https://en.wikipedia.org/wiki/Daddy%2527s_Home_(film),Comédia,Sean Anders,John Morris,Will Ferrell,Mark Wahlberg,Linda Cardellini,,,$69000000.00 ,$240400000.00 
Danny Collins,3/20/15,https://en.wikipedia.org/wiki/Danny_Collins_(film),Comédia,Dan Fogelman,,Al Pacino,Annette Bening,Jennifer Garner,Bobby Cannavale,Christopher Plummer,$10000000.00 ,$8200000.00 
Dark Shadows,5/11/12,https://en.wikipedia.org/wiki/Dark_Shadows_(film),Comédia,Tim Burton,,Johnny Depp,Michelle Pfeiffer,Helena Bonham Carter,Eva Green,Jackie Earle Haley,$150000000.00 ,$245500000.00 
Dark Skies,2/22/13,https://en.wikipedia.org/wiki/Dark_Skies_(film),Terror,Scott Charles Stewart,,Keri Russell,Josh Hamilton,Dakota Goyo,,,$3500000.00 ,$26400000.00 
Dawn of the Planet of the Apes,6/26/14,https://en.wikipedia.org/wiki/Dawn_of_the_Planet_of_the_Apes,Ação,Matt Reeves,,Andy Serkis,Gary Oldman,Jason Clarke,Kodi Smit-McPhee,Keri Russell,$235000000.00 ,$710600000.00 
Dead Man Down,3/8/13,https://en.wikipedia.org/wiki/Dead_Man_Down,Ação,Niels Arden Oplev,,Colin Farrell,Noomi Rapace,Dominic Cooper,Terrence Howard,Wade Barrett,$30000000.00 ,$18100000.00 
Deadpool,2/8/16,https://en.wikipedia.org/wiki/Deadpool_(film),Ação,Tim Miller,,Ryan Reynolds,Gina Carano,T. J. Miller,Ed Skrein,Morena Baccarin,$58000000.00 ,$782600000.00 
Declaration of War,1/27/12,https://en.wikipedia.org/wiki/Declaration_of_War_(film),Romance,Valérie Donzelli,,Valérie Donzelli (director),,,,,$1500000.00 ,$6500000.00 
Deliver Us from Evil,7/2/14,https://en.wikipedia.org/wiki/Deliver_Us_from_Evil_(2014_film),Terror,Scott Derrickson,Paul Harris,Eric Bana,Édgar Ramírez,Olivia Munn,Joel McHale,,$30000000.00 ,$87900000.00 
Despicable Me 2,6/20/13,https://en.wikipedia.org/wiki/Despicable_Me_2,Comédia,Chris Renaud,Pierre Coffin,Steve Carell,Kristen Wiig,Miranda Cosgrove,Dana Gaier,Elsie Fisher,$76000000.00 ,$970800000.00 
Devil's Due,1/17/14,https://en.wikipedia.org/wiki/Devil%2527s_Due_(film),Terror,Matt Bettinelli-Olpin,Tyler Gillett,Allison Miller,Zach Gilford,Sam Anderson,Aimee Carrero,Vanessa Ray,$7000000.00 ,$36900000.00 
Diary of a Wimpy Kid: Dog Days,8/3/12,https://en.wikipedia.org/wiki/Diary_of_a_Wimpy_Kid:_Dog_Days_(film),Comédia,David Bowers,,Zachary Gordon,Robert Capron,Rachael Harris,Devon Bostick,Steve Zahn,$22000000.00 ,$77100000.00 
Divergent,3/18/14,https://en.wikipedia.org/wiki/Divergent_(film),Ficção científica,Neil Burger,,Shailene Woodley,Kate Winslet,Theo James,Ansel Elgort,Zoë Kravitz,$85000000.00 ,$288900000.00 
Django Unchained,12/25/12,https://en.wikipedia.org/wiki/Django_Unchained,Ação,Quentin Tarantino,,Christoph Waltz,Jamie Foxx,Leonardo DiCaprio,Samuel L. Jackson,Bruce Dern,$100000000.00 ,$425400000.00 
Dolphin Tale 2,9/12/14,https://en.wikipedia.org/wiki/Dolphin_Tale_2,Família,Charles Martin Smith,,Winter,Hope,Nathan Gamble,Harry Connick,Jr.,$36000000.00 ,$57800000.00 
Don't Breathe,8/26/16,https://en.wikipedia.org/wiki/Don%2527t_Breathe_(2016_film),Suspense,Fede Alvarez,,Dylan Minnette,Stephen Lang,Daniel Zovatto,,,$9900000.00 ,$28300000.00 
Dr. Seuss' The Lorax,3/2/12,https://en.wikipedia.org/wiki/The_Lorax_(film),Família,Chris Renaud,,Danny DeVito,Zac Efron,Taylor Swift,Ed Helms,Rob Riggle,$70000000.00 ,$348800000.00 
Dracula Untold,10/10/14,https://en.wikipedia.org/wiki/Dracula_Untold,Drama,Gary Shore,,Luke Evans,Sarah Gadon,William Houston,Dominic Cooper,Samantha Barks,$70000000.00 ,$217100000.00 
Draft Day,4/7/14,https://en.wikipedia.org/wiki/Draft_Day,Drama,Ivan Reitman,,Kevin Costner,Jennifer Garner,Denis Leary,Frank Langella,Tom Welling,$25000000.00 ,$29500000.00 
Dragon Blade,2/18/15,https://en.wikipedia.org/wiki/Dragon_Blade_(film),Ação,Daniel Lee,,Jackie Chan,Choi Siwon,John Cusack,Adrien Brody,James Lee Guy,$65000000.00 ,$120000000.00 
Dumb and Dumber To,11/14/14,https://en.wikipedia.org/wiki/Dumb_and_Dumber_To,Comédia,Peter Farrelly,Bobby Farrelly,Jim Carrey,Jeff Daniels,Kathleen Turner,Laurie Holden,,$50000000.00 ,$169800000.00 
Earth to Echo,6/14/14,https://en.wikipedia.org/wiki/Earth_to_Echo,Ficção científica,Dave Green,,Astro,Teo Halm,Reese Hartwig,Ella Wahlestedt,,$13000000.00 ,$45300000.00 
Eddie the Eagle,2/26/16,https://en.wikipedia.org/wiki/Eddie_the_Eagle_(film),Drama,Dexter Fletcher,,Taron Egerton,Christopher Walken,Hugh Jackman,,,$23000000.00 ,$46200000.00 
Edge of Tomorrow,5/28/14,https://en.wikipedia.org/wiki/Edge_of_Tomorrow_(film),Ação,Doug Liman,,Tom Cruise,Emily Blunt,,,,$178000000.00 ,$370500000.00 
Elysium,8/9/13,https://en.wikipedia.org/wiki/Elysium_(film),Ficção científica,Neill Blomkamp,,Matt Damon,Jodie Foster,Sharlto Copley,Wagner Moura,Alice Braga,$115000000.00 ,$286100000.00 
Embrace of the Serpent,5/15/15,https://en.wikipedia.org/wiki/Embrace_of_the_Serpent,Aventura,Ciro Guerra,,Jan Bijvoet,Nilbio Torres,Antonio Bolívar,,,$1400000.00 ,$2800000.00 
End of Watch,9/21/12,https://en.wikipedia.org/wiki/End_of_Watch,Ação,David Ayer,,Jake Gyllenhaal,Michael Peña,Anna Kendrick,Frank Grillo,America Ferrera,$7000000.00 ,$48100000.00 
Enough Said,9/20/13,https://en.wikipedia.org/wiki/Enough_Said_(film),Comédia,Nicole Holofcener,,James Gandolfini,Julia Louis-Dreyfus,Toni Collette,Catherine Keener,Ben Falcone,$8000000.00 ,$25300000.00 
Entourage,5/27/15,https://en.wikipedia.org/wiki/Entourage_(film),Comédia,Doug Ellin,,Adrian Grenier,Kevin Connolly,Kevin Dillon,Jerry Ferrara,Jeremy Piven,$39000000.00 ,$49300000.00 
Epic,5/24/13,https://en.wikipedia.org/wiki/Epic_(2013_film),Aventura,Chris Wedge,,Colin Farrell,Josh Hutcherson,Amanda Seyfried,Jason Sudeikis,Christoph Waltz,$93000000.00 ,$268400000.00 
Escape from Planet Earth,2/15/13,https://en.wikipedia.org/wiki/Escape_from_Planet_Earth,Comédia,Cal Brunker,,Brendan Fraser,Rob Corddry,Jessica Alba,William Shatner,Sarah Jessica Parker,$40000000.00 ,$74600000.00 
Evil Dead,4/5/13,https://en.wikipedia.org/wiki/Evil_Dead_(2013_film),Terror,Fede Alvarez,,Jane Levy,Shiloh Fernandez,Lou Taylor Pucci,Jessica Lucas,Elizabeth Blackmore,$17000000.00 ,$97500000.00 
Ex Machina,1/21/15,https://en.wikipedia.org/wiki/Ex_Machina_(film),Ficção científica,Alex Garland,,Domhnall Gleeson,Oscar Isaac,Alicia Vikander,,,$15000000.00 ,$36900000.00 
Eye in the Sky,9/11/15,https://en.wikipedia.org/wiki/Eye_in_the_Sky_(2015_film),Suspense,Gavin Hood,,Helen Mirren,Aaron Paul,Alan Rickman,Barkhad Abdi,,$13000000.00 ,$32800000.00 
Fantastic Four,8/4/15,https://en.wikipedia.org/wiki/Fantastic_Four_(2015_film),Ação,Josh Trank,,Miles Teller,Michael B. Jordan,Kate Mara,Jamie Bell,Toby Kebbell,$120000000.00 ,$168000000.00 
Fast & Furious 6,5/17/13,https://en.wikipedia.org/wiki/Fast_%2526_Furious_6,Ação,Justin Lin,,Vin Diesel,Dwayne Johnson,Paul Walker,Michelle Rodriguez,Jordana Brewster,$160000000.00 ,$788700000.00 
Flight,11/2/12,https://en.wikipedia.org/wiki/Flight_(2012_film),Drama,Robert Zemeckis,,Denzel Washington,Brian Geraghty,Nadine Velazquez,Bruce Greenwood,John Goodman,$31000000.00 ,$161800000.00 
Florence Foster Jenkins,4/27/16,https://en.wikipedia.org/wiki/Florence_Foster_Jenkins_(film),Biografia,Stephen Frears,,Meryl Streep,Hugh Grant,Simon Helberg,Nina Arianda,Rebecca Ferguson,$19000000.00 ,$31700000.00 
Frances Ha,5/17/13,https://en.wikipedia.org/wiki/Frances_Ha,Drama,Noah Baumbach,,Greta Gerwig,Charlotte d'Amboise,Adam Driver,Grace Gummer,Patrick Heusinger,$3000000.00 ,$11300000.00 
Free State of Jones,6/16/16,https://en.wikipedia.org/wiki/Free_State_of_Jones_(film),Drama,Gary Ross,,Matthew McConaughey,Gugu Mbatha-Raw,Keri Russell,Mahershala Ali,,$50000000.00 ,$21200000.00 
Friends with Kids,3/9/12,https://en.wikipedia.org/wiki/Friends_with_Kids,Comédia,Jennifer Westfeldt,,Adam Scott,Jennifer Westfeldt,Jon Hamm,Kristen Wiig,Maya Rudolph,$10000000.00 ,$12200000.00 
Fun Size,10/26/12,https://en.wikipedia.org/wiki/Fun_Size,Comédia,Josh Schwartz,,Victoria Justice,Jane Levy,Thomas McDonell,Thomas Mann,Chelsea Handler,$14000000.00 ,$11400000.00 
Fury,10/15/14,https://en.wikipedia.org/wiki/Fury_(2014_film),Ação,David Ayer,,Brad Pitt,Shia LaBeouf,Logan Lerman,Michael Peña,Jon Bernthal,$68000000.00 ,$211800000.00 
G.I. Joe: Retaliation,3/27/13,https://en.wikipedia.org/wiki/G.I._Joe:_Retaliation,Ação,Jon Chu,,Channing Tatum,Ray Park,Dwayne Johnson,Bruce Willis,Elodie Yung,$130000000.00 ,$375700000.00 
Gangster Squad,1/11/13,https://en.wikipedia.org/wiki/Gangster_Squad,Ação,Ruben Fleischer,,Ryan Gosling,Emma Stone,Sean Penn,Josh Brolin,Robert Patrick,$75000000.00 ,$105200000.00 
Get Hard,3/27/15,https://en.wikipedia.org/wiki/Get_Hard,Comédia,Etan Cohen,,Will Ferrell,Kevin Hart,Alison Brie,Craig T. Nelson,T.I.,$40000000.00 ,$111800000.00 
Get on Up,8/1/14,https://en.wikipedia.org/wiki/Get_on_Up_(film),Drama,Tate Taylor,,Chadwick Boseman,Nelsan Ellis,Brandon Mychal Smith,Jill Scott,Tika Sumpter,$30000000.00 ,$33400000.00 
Getaway,8/30/13,https://en.wikipedia.org/wiki/Getaway_(film),Ação,Courtney Solomon,Yaron Levy,Ethan Hawke,Selena Gomez,Jon Voight,James Maslow,,$18000000.00 ,$11800000.00 
Ghost Rider: Spirit of Vengeance,2/17/12,https://en.wikipedia.org/wiki/Ghost_Rider:_Spirit_of_Vengeance,Ação,Mark Neveldine,Brian Taylor,Nicolas Cage,Idris Elba,Fergus Riordan,Ciarán Hinds,Violante Placido,$57000000.00 ,$132600000.00 
Ghostbusters,7/15/16,https://en.wikipedia.org/wiki/Ghostbusters_(2016_film),Comédia,Paul Feig,,Melissa McCarthy,Kristen Wiig,Leslie Jones,Kate McKinnon,Chris Hemsworth,$144000000.00 ,$217500000.00 
God's Not Dead,3/21/14,https://en.wikipedia.org/wiki/God%2527s_Not_Dead_(film),Religioso,Harold Cronk,,Willie Robertson,David A. R. White,Shane Harper,Kevin Sorbo,Korie Robertson,$2000000.00 ,$62600000.00 
God's Not Dead 2,4/1/16,https://en.wikipedia.org/wiki/God%2527s_Not_Dead_2,Religioso,Harold Cronk,,Melissa Joan Hart,David A. R. White,Ray Wise,Robin Givens,Ernie Hudson,$5000000.00 ,$23500000.00 
Gods of Egypt,2/25/16,https://en.wikipedia.org/wiki/Gods_of_Egypt_(film),Ação,Alex Proyas,,Geoffrey Rush,Gerard Butler,Brenton Thwaites,Courtney Eaton,Nikolaj Coster-Waldau,$140000000.00 ,$145700000.00 
Godzilla,5/8/14,https://en.wikipedia.org/wiki/Godzilla_(2014_film),Ação,Gareth Edwards,,Aaron Taylor-Johnson,Ken Watanabe,Elizabeth Olsen,Bryan Cranston,Juliette Binoche,$160000000.00 ,$529000000.00 
Gone Girl,9/26/14,https://en.wikipedia.org/wiki/Gone_Girl_(film),Mistério,David Fincher,,Ben Affleck,Rosamund Pike,Neil Patrick Harris,Tyler Perry,Kim Dickens,$61000000.00 ,$369300000.00 
Good Deeds,2/24/12,https://en.wikipedia.org/wiki/Good_Deeds,Romance,Tyler Perry,,Tyler Perry,Thandie Newton,Rebecca Romijn,Brian J. White,Jamie Kennedy,$14000000.00 ,$35600000.00 
Goosebumps,10/5/15,https://en.wikipedia.org/wiki/Goosebumps_(film),Ação,Rob Letterman,,Jack Black,Dylan Minnette,Odeya Rush,Amy Ryan,Ryan Lee,$84000000.00 ,$150200000.00 
Grown Ups 2,7/12/13,https://en.wikipedia.org/wiki/Grown_Ups_2,Comédia,Dennis Dugan,,Adam Sandler,Kevin James,Chris Rock,David Spade,Taylor Lautner,$80000000.00 ,$247000000.00 
"Hail, Caesar!",2/5/16,"https://en.wikipedia.org/wiki/Hail,_Caesar!",Comédia,Joel and Ethan Coen,,Josh Brolin,George Clooney,Alden Ehrenreich,Ralph Fiennes,Jonah Hill,$22000000.00 ,$22000000.00 
Hands of Stone,8/26/16,https://en.wikipedia.org/wiki/Hands_of_Stone,Biografia,Jonathan Jakubowicz,,Édgar Ramírez,Robert De Niro,Usher,Ellen Barkin,Ana de Armas,$20000000.00 ,$1700000.00 
Hansel and Gretel: Witch Hunters,1/17/13,https://en.wikipedia.org/wiki/Hansel_and_Gretel:_Witch_Hunters,Ação,Tommy Wirkola,,Jeremy Renner,Gemma Arterton,Zoe Bell,Famke Janssen,Peter Stormare,$50000000.00 ,$226300000.00 
Heaven Is for Real,4/16/14,https://en.wikipedia.org/wiki/Heaven_Is_for_Real_(film),Religioso,Randall Wallace,,Greg Kinnear,Kelly Reilly,Connor Corum,Thomas Haden Church,Jacob Vargas,$12000000.00 ,$101300000.00 
Here Comes the Boom,10/12/12,https://en.wikipedia.org/wiki/Here_Comes_the_Boom,Comédia,Frank Coraci,,Kevin James,Salma Hayek,Henry Winkler,Joe Rogan,,$42000000.00 ,$73100000.00 
Hit and Run,8/22/12,https://en.wikipedia.org/wiki/Hit_and_Run_(2012_film),Ação,Dax Shepard,,Dax Shepard,Kristen Bell,Bradley Cooper,Tom Arnold,Kristin Chenoweth,$2000000.00 ,$14500000.00 
Hitman: Agent 47,8/21/15,https://en.wikipedia.org/wiki/Hitman:_Agent_47,Ação,Aleksander Bach,,Rupert Friend,Zachary Quinto,Hannah Ware,Thomas Kretschmann,,$35000000.00 ,$82300000.00 
Home,3/7/15,https://en.wikipedia.org/wiki/Home_(2015_animated_film),Animação,Tim Johnson,,Jim Parsons,Rihanna,Jennifer Lopez,Steve Martin,Matt Jones,$135000000.00 ,$386000000.00 
Hope Springs,8/8/12,https://en.wikipedia.org/wiki/Hope_Springs_(2012_film),Romance,David Frankel,,Meryl Streep,Tommy Lee Jones,Steve Carell,Mimi Rogers,Elisabeth Shue,$30000000.00 ,$114300000.00 
Horrible Bosses 2,11/26/14,https://en.wikipedia.org/wiki/Horrible_Bosses_2,Comédia,Sean Anders,,Jason Bateman,Charlie Day,Jason Sudeikis,Kevin Spacey,Jennifer Aniston,$57000000.00 ,$107700000.00 
Hot Pursuit,5/8/15,https://en.wikipedia.org/wiki/Hot_Pursuit_(2015_film),Ação,Anne Fletcher,,Reese Witherspoon,Sofía Vergara,Jim Gaffigan,John Carroll Lynch,,$35000000.00 ,$51700000.00 
Hotel Transylvania,9/28/12,https://en.wikipedia.org/wiki/Hotel_Transylvania,Fantasia,Genndy Tartakovsky,,Adam Sandler,Selena Gomez,Andy Samberg,Kevin James,Fran Drescher,$85000000.00 ,$358400000.00 
Hotel Transylvania 2,9/25/15,https://en.wikipedia.org/wiki/Hotel_Transylvania_2,Fantasia,Genndy Tartakovsky,,Adam Sandler,Andy Samberg,Selena Gomez,Kevin James,Steve Buscemi,$80000000.00 ,$473000000.00 
How to Train Your Dragon 2,5/16/14,https://en.wikipedia.org/wiki/How_to_Train_Your_Dragon_2,Família,Dean DeBlois,,Jay Baruchel,Gerard Butler,Craig Ferguson,America Ferrera,Jonah Hill,$145000000.00 ,$621500000.00 
I,1/14/15,https://en.wikipedia.org/wiki/I_(film),Romance,S. Shankar,,Vikram,Amy Jackson,N. Santhanam,Suresh Gopi,Upen Patel,$15000000.00 ,$65000000.00 
I Saw the Light,9/11/15,https://en.wikipedia.org/wiki/I_Saw_the_Light_(film),Drama,Marc Abraham,Tom Hiddleston,Elizabeth Olsen,,,,,$13000000.00 ,$2600000.00 
Ice Age: Collision Course,7/22/16,https://en.wikipedia.org/wiki/Ice_Age:_Collision_Course,Aventura,Mike Thurmeier,Galen T. Chu,Ray Romano,John Leguizamo,Denis Leary,Queen Latifah,Jennifer Lopez,$105000000.00 ,$368300000.00 
Ice Age: Continental Drift,7/13/12,https://en.wikipedia.org/wiki/Ice_Age:_Continental_Drift,Aventura,Steve Martino,Mike Thurmeier,Ray Romano,John Leguizamo,Denis Leary,Queen Latifah,Seann William Scott,$95000000.00 ,$877000000.00 
Identity Thief,2/8/13,https://en.wikipedia.org/wiki/Identity_Thief,Ação,Seth Gordon,,Jason Bateman,Melissa McCarthy,Amanda Peet,John Cho,Clark Duke,$35000000.00 ,$174000000.00 
If I Stay,8/18/14,https://en.wikipedia.org/wiki/If_I_Stay_(film),Drama,R. J. Cutler,,Chloë Grace Moretz,Mireille Enos,Lauren Lee Smith,Liana Liberato,Jamie Blackley,$11000000.00 ,$78900000.00 
In the Heart of the Sea,12/11/15,https://en.wikipedia.org/wiki/In_the_Heart_of_the_Sea_(film),Biografia,Ron Howard,,Chris Hemsworth,Benjamin Walker,Cillian Murphy,Tom Holland,Ben Whishaw,$100000000.00 ,$93900000.00 
Independence Day: Resurgence,6/20/16,https://en.wikipedia.org/wiki/Independence_Day:_Resurgence,Ação,Roland Emmerich,,Jeff Goldblum,Bill Pullman,Sela Ward,Liam Hemsworth,Vivica A. Fox,$165000000.00 ,$382300000.00 
Insidious: Chapter 2,9/13/13,https://en.wikipedia.org/wiki/Insidious:_Chapter_2,Terror,James Wan,,Patrick Wilson,Rose Byrne,Lin Shaye,Ty Simpkins,,$5000000.00 ,$161900000.00 
Insidious: Chapter 3,6/5/15,https://en.wikipedia.org/wiki/Insidious:_Chapter_3,Terror,Leigh Whannell,,Dermot Mulroney,Stefanie Scott,Angus Sampson,Leigh Whannell,Lin Shaye,$11000000.00 ,$113000000.00 
Interstellar,10/26/14,https://en.wikipedia.org/wiki/Interstellar_(film),Ficção científica,Christopher Nolan,,Matthew McConaughey,Anne Hathaway,Michael Caine,Jessica Chastain,Matt Damon,$165000000.00 ,$675100000.00 
Into the Storm,8/8/14,https://en.wikipedia.org/wiki/Into_the_Storm_(2014_film),Aventura,Steven Quale,,Richard Armitage,Jeremy Sumpter,Sarah Wayne Callies,Nathan Kress,,$50000000.00 ,$161700000.00 
Iron Sky,7/25/12,https://en.wikipedia.org/wiki/Iron_Sky,Comédia,Timo Vuorensola,,Julia Dietze,Peta Sergeant,Gotz Otto,Chris Kirby,Udo Kier,$7500000.00 ,$8100000.00 
Irrational Man,5/16/15,https://en.wikipedia.org/wiki/Irrational_Man_(film),Mistério,Woody Allen,,Joaquin Phoenix,Emma Stone,Parker Posey,Jamie Blackley,,$11000000.00 ,$27400000.00 
Jack Reacher,12/21/12,https://en.wikipedia.org/wiki/Jack_Reacher_(film),Ação,Christopher McQuarrie,,Tom Cruise,Rosamund Pike,David Oyelowo,Richard Jenkins,Alexia Fast,$60000000.00 ,$218300000.00 
Jack Ryan: Shadow Recruit,1/15/14,https://en.wikipedia.org/wiki/Jack_Ryan:_Shadow_Recruit,Ação,Kenneth Branagh,,David Koepp,Adam Cozad,Anthony Peckham,Steve Zaillian,Chris Pine,$60000000.00 ,$135500000.00 
Jane Got a Gun,1/29/16,https://en.wikipedia.org/wiki/Jane_Got_a_Gun,Ação,Gavin O'Connor,,Natalie Portman,Joel Edgerton,Ewan McGregor,Rodrigo Santoro,Noah Emmerich,$25000000.00 ,$3000000.00 
Jason Bourne,7/29/16,https://en.wikipedia.org/wiki/Jason_Bourne_(film),Ação,Paul Greengrass,,Matt Damon,Julia Stiles,Alicia Vikander,Riz Ahmed,Vincent Cassel,$120000000.00 ,$347900000.00 
"Jeff, Who Lives at Home",3/16/12,"https://en.wikipedia.org/wiki/Jeff,_Who_Lives_at_Home",Comédia,Jay Duplass,,Jason Segel,Ed Helms,Judy Greer,Susan Sarandon,Evan Ross,$7500000.00 ,$7500000.00 
Jem and the Holograms,10/23/15,https://en.wikipedia.org/wiki/Jem_and_the_Holograms_(film),Musical,Jon M. Chu,,Aubrey Peeples,Stefanie Scott,Hayley Kiyoko,Aurora Perrineau,Ryan Guzman,$5000000.00 ,$2300000.00 
Jersey Boys,6/5/14,https://en.wikipedia.org/wiki/Jersey_Boys_(film),Drama,Clint Eastwood,,John Lloyd Young,Erec Bergen,Vincent Piazza,Michael Lamenda,Christopher Walken,$58600000.00 ,$67700000.00 
Jobs,8/16/13,https://en.wikipedia.org/wiki/Jobs_(film),Biografia,Joshua Michael Stern,,Ashton Kutcher,Dermot Mulroney,Josh Gad,Lukas Haas,J.K. Simmons,$12000000.00 ,$35900000.00 
John Wick,10/13/14,https://en.wikipedia.org/wiki/John_Wick_(film),Ação,Chad Stahelski,David Leitch (director,Keanu Reeves,Bridget Moynahan,Willem Dafoe,,,$20000000.00 ,$86000000.00 
Journey 2: The Mysterious Island,2/10/12,https://en.wikipedia.org/wiki/Journey_2:_The_Mysterious_Island,Aventura,Brad Peyton,,Dwayne Johnson,Michael Caine,Josh Hutcherson,Vanessa Hudgens,Luis Guzmán,$79000000.00 ,$335300000.00 
Joy,12/25/15,https://en.wikipedia.org/wiki/Joy_(film),Comédia,David O. Russell,,Jennifer Lawrence,Robert De Niro,Bradley Cooper,Édgar Ramírez,,$60000000.00 ,$101100000.00 
Keanu,4/29/16,https://en.wikipedia.org/wiki/Keanu_(film),Comédia,Peter Atencio,,Keegan-Michael Key,Jordan Peele,Method Man,Gabrielle Union,Will Forte,$15000000.00 ,$20700000.00 
Kill the Messenger,10/10/14,https://en.wikipedia.org/wiki/Kill_the_Messenger_(2014_film),Crime,Michael Cuesta,,Jeremy Renner,Barry Pepper,Mary Elizabeth Winstead,Rosemarie DeWitt,Ray Liotta,$5000000.00 ,$2500000.00 
Killing Them Softly,11/30/12,https://en.wikipedia.org/wiki/Killing_Them_Softly,Crime,Andrew Dominik,,Brad Pitt,Vincent Curatola,Scoot McNairy,Ben Mendelsohn,Ray Liotta,$15000000.00 ,$37900000.00 
Kingsman: The Secret Service,12/13/14,https://en.wikipedia.org/wiki/Kingsman:_The_Secret_Service,Ação,Matthew Vaughn,,Colin Firth,Taron Egerton,Samuel L. Jackson,Mark Strong,Michael Caine,$94000000.00 ,$414400000.00 
Krampus,12/4/15,https://en.wikipedia.org/wiki/Krampus_(film),Terror,Michael Dougherty,,Emjay Anthony,Allison Tolman,Adam Scott,,,$15000000.00 ,$61500000.00 
Kubo and the Two Strings,8/19/16,https://en.wikipedia.org/wiki/Kubo_and_the_Two_Strings,Fantasia,Travis Knight,,Art Parkinson,Matthew McConaughey,Rooney Mara,Charlize Theron,Ralph Fiennes,$60000000.00 ,$27600000.00 
Kung Fu Panda 3,1/23/16,https://en.wikipedia.org/wiki/Kung_Fu_Panda_3,Ação,Jennifer Yuh Nelson,Alessandro Carloni,Jack Black,Angelina Jolie,Dustin Hoffman,Jackie Chan,Seth Rogen,$145000000.00 ,$519900000.00 
Lazer Team,1/27/16,https://en.wikipedia.org/wiki/Lazer_Team,Ficção científica,Matt Hullum,,Burnie Burns,Gavin Free,Michael Jones,Colton Dunn,Allie DeBerry,$2400000.00 ,$1600000.00 
Left Behind,10/3/14,https://en.wikipedia.org/wiki/Left_Behind_(2014_film),Religioso,Vic Armstrong,,Nicolas Cage,Chad Michael Murray,Cassi Thomson,Nicky Whelan,Jordin Sparks,$16000000.00 ,$27600000.00 
Les Misérables,12/25/12,https://en.wikipedia.org/wiki/Les_Mis%25C3%25A9rables_(2012_film),Musical,Tom Hooper,,Hugh Jackman,Russell Crowe,Eddie Redmayne,Colm Wilkinson,Anne Hathaway,$61000000.00 ,$441800000.00 
Let's Be Cops,8/13/14,https://en.wikipedia.org/wiki/Let%2527s_Be_Cops,Ação,Luke Greenfield,,Jake Johnson,Damon Wayans,Jr.,,,$17000000.00 ,$138200000.00 
Life of Pi,11/21/12,https://en.wikipedia.org/wiki/Life_of_Pi_(film),Drama,Ang Lee,,Suraj Sharma,Ayush Tandon,Irrfan Khan,Gérard Depardieu,,$120000000.00 ,$609000000.00 
Lights Out,7/22/16,https://en.wikipedia.org/wiki/Lights_Out_(2016_film),Terror,David F. Sandberg,,Teresa Palmer,Gabriel Bateman,Alexander DiPersia,,,$4900000.00 ,$125900000.00 
Lincoln,11/9/12,https://en.wikipedia.org/wiki/Lincoln_(2012_film),Drama,Steven Spielberg,,Daniel Day-Lewis,David Strathairn,Hal Holbrook,Sally Field,Joseph Gordon-Levitt,$65000000.00 ,$275300000.00 
Little Boy,4/24/15,https://en.wikipedia.org/wiki/Little_Boy_(film),Drama,Alejandro Gómez Monteverde,,Jakob Salvati,David Henrie,Kevin James,Emily Watson,Ted Levine,$20000000.00 ,$17500000.00 
Lockout,4/13/12,https://en.wikipedia.org/wiki/Lockout_(film),Ação,James Mather,Stephen St.Leger,Guy Pearce,Maggie Grace,Peter Stormare,Lennie James,Vincent Regan,$20000000.00 ,$32200000.00 
London Has Fallen,3/4/16,https://en.wikipedia.org/wiki/London_Has_Fallen,Ação,Babak Najafi,,Gerard Butler,Aaron Eckhart,Morgan Freeman,Angela Bassett,Alon Aboutboul,$60000000.00 ,$195700000.00 
Looper,9/28/12,https://en.wikipedia.org/wiki/Looper_(film),Ação,Rian Johnson,,Joseph Gordon-Levitt,Bruce Willis,Emily Blunt,Paul Dano,Noah Segan,$30000000.00 ,$176500000.00 
Love the Coopers,11/4/15,https://en.wikipedia.org/wiki/Love_the_Coopers,Romance,Jessie Nelson,,John Goodman,Diane Keaton,Amanda Seyfried,Alan Arkin,Olivia Wilde,$24000000.00 ,$41100000.00 
Lucy,7/25/14,https://en.wikipedia.org/wiki/Lucy_(2014_film),Ficção científica,Luc Besson,,Scarlett Johansson,Morgan Freeman,Choi Min-sik,,,$40000000.00 ,$463400000.00 
Mad Max: Fury Road,5/7/15,https://en.wikipedia.org/wiki/Mad_Max:_Fury_Road,Ação,George Miller,,Tom Hardy,Charlize Theron,Hugh Keays-Byrne,Nicholas Hoult,Rosie Huntington-Whiteley,$150000000.00 ,$378400000.00 
Madagascar 3: Europe's Most Wanted,6/8/12,https://en.wikipedia.org/wiki/Madagascar_3:_Europe%2527s_Most_Wanted,Comédia,Eric Darnell,,Noah Baumbach(screenplay); Ben Stiller,Chris Rock,David Schwimmer,Jada Pinkett Smith,Sacha Baron Cohen,$145000000.00 ,$746900000.00 
Magic in the Moonlight,7/25/14,https://en.wikipedia.org/wiki/Magic_in_the_Moonlight,Comédia,Woody Allen,,Emma Stone,Colin Firth,Hamish Linklater,Marcia Gay Harden,Jacki Weaver,$16800000.00 ,$51000000.00 
Mama,1/18/13,https://en.wikipedia.org/wiki/Mama_(2013_film),Terror,Andres Muschietti,,Jessica Chastain,Nikolaj Coster-Waldau,Daniel Kash,David Fox,,$15000000.00 ,$146400000.00 
Man of Steel,6/14/13,https://en.wikipedia.org/wiki/Man_of_Steel_(film),Ação,Zack Snyder,,Henry Cavill,Amy Adams,Michael Shannon,Kevin Costner,Diane Lane,$225000000.00 ,$668000000.00 
Man on a Ledge,1/27/12,https://en.wikipedia.org/wiki/Man_on_a_Ledge,Ação,Asger Leth,,Sam Worthington,Ed Harris,Elizabeth Banks,Jamie Bell,Kyra Sedgwick,$42000000.00 ,$46200000.00 
Max,6/26/15,https://en.wikipedia.org/wiki/Max_(2015_film),Aventura,Boaz Yakin,,Josh Wiggins,Thomas Haden Church,Lauren Graham,,,$20000000.00 ,$44000000.00 
Maze Runner: The Scorch Trials,9/18/15,https://en.wikipedia.org/wiki/Maze_Runner:_The_Scorch_Trials,Ficção científica,Wes Ball,,Dylan O'Brien,Ki Hong Lee,Thomas Sangster,Kaya Scodelario,Patricia Clarkson,$61000000.00 ,$312300000.00 
Me and Earl and the Dying Girl,1/25/15,https://en.wikipedia.org/wiki/Me_and_Earl_and_the_Dying_Girl_(film),Comédia,Alfonso Gomez-Rejon,,Thomas Mann,Olivia Cooke,Ronald Cyler II,Jon Bernthal,Nick Offerman,$8000000.00 ,$9100000.00 
Me Before You,6/3/16,https://en.wikipedia.org/wiki/Me_Before_You_(film),Drama,Thea Sharrock,,Emilia Clarke,Sam Claflin,Charles Dance,Jenna Coleman,Janet McTeer,$20000000.00 ,$196200000.00 
Mechanic: Resurrection,8/26/16,https://en.wikipedia.org/wiki/Mechanic:_Resurrection,Ação,Dennis Gansel,,Jason Statham,Jessica Alba,Tommy Lee Jones,Michelle Yeoh,,$40000000.00 ,$7500000.00 
Men in Black 3,5/25/12,https://en.wikipedia.org/wiki/Men_in_Black_3,Comédia,Barry Sonnenfeld,,Will Smith,Tommy Lee Jones,Josh Brolin,Jemaine Clement,Emma Thompson,$215000000.00 ,$624000000.00 
Midnight Special,2/12/16,https://en.wikipedia.org/wiki/Midnight_Special_(film),Ficção científica,Jeff Nichols,,Michael Shannon,Kirsten Dunst,Adam Driver,Joel Edgerton,Sam Shepard,$18000000.00 ,$6200000.00 
Miracles from Heaven,3/16/16,https://en.wikipedia.org/wiki/Miracles_from_Heaven_(film),Drama,Patricia Riggen,,Jennifer Garner,Martin Henderson,Queen Latifah,,,$13000000.00 ,$73600000.00 
Mirror Mirror,3/30/12,https://en.wikipedia.org/wiki/Mirror_Mirror_(film),Fantasia,Tarsem Singh,,Lily Collins,Julia Roberts,Armie Hammer,Nathan Lane,Robert Emms,$85000000.00 ,$183000000.00 
Mission: Impossible – Rogue Nation,7/23/15,https://en.wikipedia.org/wiki/Mission:_Impossible_%25E2%2580%2593_Rogue_Nation,Ação,Christopher McQuarrie,,Tom Cruise,Jeremy Renner,Simon Pegg,Ving Rhames,Rebecca Ferguson,$150000000.00 ,$682300000.00 
Moms' Night Out,5/9/14,https://en.wikipedia.org/wiki/Moms%2527_Night_Out,Religioso,Andrew Erwin and Jon Erwin,,Sarah Drew,Trace Adkins,Sean Astin,Patricia Heaton,,$5000000.00 ,$10500000.00 
Money Monster,5/13/16,https://en.wikipedia.org/wiki/Money_Monster,Drama,Jodie Foster,,George Clooney,Julia Roberts,Jack O'Connell,Dominic West,Caitriona Balfe,$27000000.00 ,$93100000.00 
Monster Hunt,1/22/16,https://en.wikipedia.org/wiki/Monster_Hunt,Ação,Raman Hui,,Bai Baihe,Jing Boran,Jiang Wu,Elaine Jin,,$56000000.00 ,$385200000.00 
Moonrise Kingdom ,5/25/12,https://en.wikipedia.org/wiki/Moonrise_Kingdom,Comédia,Wes Anderson,,Jared Gilman,Kara Hayward,Bruce Willis,Edward Norton,Bill Murray,$16000000.00 ,$68300000.00 
Mortdecai,1/23/15,https://en.wikipedia.org/wiki/Mortdecai_(film),Ação,David Koepp,,Johnny Depp,Ewan McGregor,Olivia Munn,Aubrey Plaza,Oliver Platt,$60000000.00 ,$47000000.00 
Mother's Day,4/13/16,https://en.wikipedia.org/wiki/Mother%2527s_Day_(2016_film),Comédia,Garry Marshall,,Jennifer Aniston,Julia Roberts,Kate Hudson,Timothy Olyphant,Jason Sudeikis,$25000000.00 ,$43800000.00 
Mr. Peabody & Sherman,2/7/14,https://en.wikipedia.org/wiki/Mr._Peabody_%2526_Sherman,Família,Rob Minkoff,,Ty Burrell,Max Charles,Stephen Colbert,Allison Janney,Ariel Winter,$145000000.00 ,$275700000.00 
Mud,4/26/13,https://en.wikipedia.org/wiki/Mud_(2012_film),Drama,Jeff Nichols,,Matthew McConaughey,Reese Witherspoon,Michael Shannon,Sarah Paulson,Sam Shepard,$10000000.00 ,$32600000.00 
Mustang,5/19/15,https://en.wikipedia.org/wiki/Mustang_(film),Drama,Deniz Gamze Ergüven,,Güneş Şensoy,,,,,$1300000.00 ,$4900000.00 
My All American,11/13/15,https://en.wikipedia.org/wiki/My_All_American,Biografia,Angelo Pizzo,,Aaron Eckhart,Finn Wittrock,Robin Tunney,Sarah Bolger,Michael Reilly Burke,$20000000.00 ,$2200000.00 
My Big Fat Greek Wedding 2,3/25/16,https://en.wikipedia.org/wiki/My_Big_Fat_Greek_Wedding_2,Romance,Kirk Jones,,Nia Vardalos,John Corbett,Ian Gomez,Elena Kampouris,,$18000000.00 ,$88900000.00 
Need for Speed,3/12/14,https://en.wikipedia.org/wiki/Need_for_Speed_(film),Ação,Scott Waugh,,Aaron Paul,Imogen Poots,Dominic Cooper,Michael Keaton,Ramón Rodríguez,$65000000.00 ,$203300000.00 
Neighbors,3/8/14,https://en.wikipedia.org/wiki/Neighbors_(2014_film),Comédia,Nicholas Stoller,,Seth Rogen,Zac Efron,Rose Byrne,Christopher Mintz-Plasse,Dave Franco,$18000000.00 ,$270700000.00 
Neighbors 2: Sorority Rising,5/20/16,https://en.wikipedia.org/wiki/Neighbors_2:_Sorority_Rising,Comédia,Nicholas Stoller,,Seth Rogen,Zac Efron,Rose Byrne,Chloë Grace Moretz,Dave Franco,$35000000.00 ,$107900000.00 
Nerve,7/27/16,https://en.wikipedia.org/wiki/Nerve_(2016_film),Suspense,Henry Joost,Ariel Schulman,Dave Franco,Emma Roberts,Emily Meade,Kimiko Glenn,Juliette Lewis,$20000000.00 ,$47600000.00 
Night at the Museum: Secret of the Tomb,12/11/14,https://en.wikipedia.org/wiki/Night_at_the_Museum:_Secret_of_the_Tomb,Comédia,Shawn Levy,,Ben Stiller,Robin Williams,Dan Stevens,Owen Wilson,Ricky Gervais,$127000000.00 ,$363200000.00 
Nightcrawler,9/5/14,https://en.wikipedia.org/wiki/Nightcrawler_(film),Drama,Dan Gilroy,,Jake Gyllenhaal,Bill Paxton,Rene Russo,Riz Ahmed,,$8500000.00 ,$50300000.00 
Nine Lives,8/5/16,https://en.wikipedia.org/wiki/Nine_Lives_(2016_film),Comédia,Barry Sonnenfeld,,Kevin Spacey,Robbie Amell,Jennifer Garner,Christopher Walken,Malina Weissman,$30000000.00 ,$19100000.00 
No Escape,8/17/15,https://en.wikipedia.org/wiki/No_Escape_(2015_film),Ação,John Erick Dowdle,,Owen Wilson,Pierce Brosnan,Lake Bell,,,$5000000.00 ,$54400000.00 
No Good Deed,9/12/14,https://en.wikipedia.org/wiki/No_Good_Deed_(2014_film),Crime,Sam Miller,,Idris Elba,Taraji P. Henson,Henry Simmons,,,$13200000.00 ,$54300000.00 
No One Lives,5/10/13,https://en.wikipedia.org/wiki/No_One_Lives,Terror,Ryuhei Kitamura,,Luke Evans,Adelaide Clemens,America Olivo,Derek Magyar,Lindsey Shaw,$2900000.00 ,$1000000.00 
Noah,3/10/14,https://en.wikipedia.org/wiki/Noah_(2014_film),Aventura,Darren Aronofsky,,Russell Crowe,Jennifer Connelly,Logan Lerman,Emma Watson,Ray Winstone,$125000000.00 ,$362600000.00 
Non-Stop,1/27/14,https://en.wikipedia.org/wiki/Non-Stop_(film),Suspense,Jaume Collet-Serra,,Liam Neeson,Julianne Moore,Lupita Nyong'o,Nate Parker,Michelle Dockery,$50000000.00 ,$222800000.00 
Now You See Me,5/31/13,https://en.wikipedia.org/wiki/Now_You_See_Me_(film),Crime,Louis Leterrier,,Jesse Eisenberg,Isla Fisher,Morgan Freeman,Woody Harrelson,Mark Ruffalo,$75000000.00 ,$351700000.00 
Now You See Me 2,6/6/16,https://en.wikipedia.org/wiki/Now_You_See_Me_2,Suspense,Jon M. Chu,,Mark Ruffalo,Jesse Eisenberg,Woody Harrelson,Dave Franco,Lizzy Caplan,$90000000.00 ,$320900000.00 
Oblivion,4/10/13,https://en.wikipedia.org/wiki/Oblivion_(2013_film),Ação,Joseph Kosinski,,Tom Cruise,Olga Kurylenko,Andrea Riseborough,Morgan Freeman,Nikolaj Coster-Waldau,$120000000.00 ,$286200000.00 
Olympus Has Fallen,3/22/13,https://en.wikipedia.org/wiki/Olympus_Has_Fallen,Ação,Antoine Fuqua,,Gerard Butler,Aaron Eckhart,Morgan Freeman,Rick Yune,Dylan McDermott,$70000000.00 ,$161000000.00 
One Direction: This Is Us,8/29/13,https://en.wikipedia.org/wiki/One_Direction:_This_Is_Us,Documentário,Morgan Spurlock,,Harry Styles,Niall Horan,Louis Tomlinson,Zayn Malik,Liam Payne,$10000000.00 ,$68500000.00 
One for the Money,1/27/12,https://en.wikipedia.org/wiki/One_for_the_Money_(film),Crime,Julie Anne Robinson,,Katherine Heigl,Debbie Reynolds,Jason O'Mara,Daniel Sunjata,Sherri Shepherd,$40000000.00 ,$36900000.00 
Ouija,10/24/14,https://en.wikipedia.org/wiki/Ouija_(2014_film),Terror,Stiles White,,Douglas Smith,Olivia Cooke,Vivis Colombetti,Ana Coto,Erin Moriarty,$5000000.00 ,$103600000.00 
Our Brand Is Crisis,9/11/15,https://en.wikipedia.org/wiki/Our_Brand_Is_Crisis_(2015_film),Comédia,David Gordon Green,,Sandra Bullock,Scoot McNairy,Billy Bob Thornton,Anthony Mackie,Ann Dowd,$28000000.00 ,$8600000.00 
Pacific Rim,7/12/13,https://en.wikipedia.org/wiki/Pacific_Rim_(film),Ação,Guillermo del Toro,,Charlie Hunnam,Ellen McLain,Idris Elba,Charlie Day,Rinko Kikuchi,$190000000.00 ,$411000000.00 
Pain & Gain,4/26/13,https://en.wikipedia.org/wiki/Pain_%2526_Gain,Ação,Michael Bay,,Mark Wahlberg,Dwayne Johnson,Ed Harris,Ken Jeong,Anthony Mackie,$26000000.00 ,$86200000.00 
Pan,9/30/15,https://en.wikipedia.org/wiki/Pan_(2015_film),Fantasia,Joe Wright,,Hugh Jackman,Garrett Hedlund,Rooney Mara,Amanda Seyfried,Levi Miller,$150000000.00 ,$128400000.00 
Paper Towns,7/24/15,https://en.wikipedia.org/wiki/Paper_Towns_(film),Romance,Jake Schreier,,Nat Wolff,Cara Delevingne,,,,$12000000.00 ,$85500000.00 
Paranormal Activity 4,10/19/12,https://en.wikipedia.org/wiki/Paranormal_Activity_4,Suspense,Ariel Schulman,Henry Joost,Kathryn Newton,Katie Featherston,,,,$5000000.00 ,$142800000.00 
Paranormal Activity: The Ghost Dimension,10/23/15,https://en.wikipedia.org/wiki/Paranormal_Activity:_The_Ghost_Dimension,Terror,Gregory Plotkin,,Katie Featherston,Tyler Craig,,,,$10000000.00 ,$78100000.00 
ParaNorman,8/17/12,https://en.wikipedia.org/wiki/ParaNorman,Fantasia,Chris Butler,,Kodi Smit-McPhee,Tucker Albrizzi,Anna Kendrick,Casey Affleck,Christopher Mintz-Plasse,$60000000.00 ,$107100000.00 
Parental Guidance,12/25/12,https://en.wikipedia.org/wiki/Parental_Guidance_(film),Comédia,Andy Fickman,,Billy Crystal,Bette Midler,Marisa Tomei,Tom Everett Scott,Bailee Madison,$25000000.00 ,$119800000.00 
Parker,1/25/13,https://en.wikipedia.org/wiki/Parker_(2013_film),Crime,Taylor Hackford,,Jason Statham,Jennifer Lopez,Bobby Cannavale,Clifton Collins,Jr.,$35000000.00 ,$48500000.00 
Paul Blart: Mall Cop 2,4/17/15,https://en.wikipedia.org/wiki/Paul_Blart:_Mall_Cop_2,Ação,Andy Fickman,,Kevin James,Raini Rodriguez,Neal McDonough,Molly Shannon,Daniella Alonso,$40000000.00 ,$107600000.00 
Pawn Sacrifice,9/11/15,https://en.wikipedia.org/wiki/Pawn_Sacrifice,Biografia,Ed Zwick,,Tobey Maguire,Liev Schreiber,Peter Sarsgaard,Michael Stuhlbarg,Lily Rabe,$19000000.00 ,$5400000.00 
Penguins of Madagascar,11/14/14,https://en.wikipedia.org/wiki/Penguins_of_Madagascar,Família,Simon J. Smith,,Tom McGrath,Chris Miller,Conrad Vernon,Christopher Knights,Benedict Cumberbatch,$132000000.00 ,$373000000.00 
People Like Us,6/29/12,https://en.wikipedia.org/wiki/People_Like_Us_(film),Drama,Alex Kurtzman,,Chris Pine,Elizabeth Banks,Michelle Pfeiffer,Olivia Wilde,Mark Duplass,$16000000.00 ,$12400000.00 
Percy Jackson: Sea of Monsters,8/7/13,https://en.wikipedia.org/wiki/Percy_Jackson:_Sea_of_Monsters,Aventura,Thor Freudenthal,,Logan Lerman,Alexandra Daddario,Douglas Smith,Mary Birdsong,Yvette Nicole Brown,$90000000.00 ,$202200000.00 
Pitch Perfect,10/5/12,https://en.wikipedia.org/wiki/Pitch_Perfect,Comédia,Jason Moore,,Anna Kendrick,Anna Camp,Rebel Wilson,Adam DeVine,Alexis Knapp,$17000000.00 ,$115400000.00 
Pitch Perfect 2,4/20/15,https://en.wikipedia.org/wiki/Pitch_Perfect_2,Comédia,Elizabeth Banks,,Anna Kendrick,Rebel Wilson,Hailee Steinfeld,Brittany Snow,Skylar Astin,$29000000.00 ,$287100000.00 
Pixels,7/24/15,https://en.wikipedia.org/wiki/Pixels_(2015_film),Comédia,Chris Columbus,,Adam Sandler,Kevin James,Josh Gad,Peter Dinklage,Michelle Monaghan,$129000000.00 ,$244900000.00 
Point Break,12/25/15,https://en.wikipedia.org/wiki/Point_Break_(2015_film),Ação,Ericson Core,,Edgar Ramirez,Luke Bracey,Ray Winstone,Teresa Palmer,,$105000000.00 ,$133700000.00 
Polis Evo,9/17/15,https://en.wikipedia.org/wiki/Polis_Evo,Ação,Ghaz Abu Bakar,,Shaheizy Sam,Zizan Razak,Nora Danish,Mimie Ernida,Wan Hanafi Su,$2400000.00 ,$17300000.00 
Poltergeist,5/22/15,https://en.wikipedia.org/wiki/Poltergeist_(2015_film),Terror,Gil Kenan,,Sam Rockwell,Jared Harris,Rosemarie DeWitt,Saxon Sharbino,Kyle Catlett,$35000000.00 ,$95400000.00 
Pompeii,2/18/14,https://en.wikipedia.org/wiki/Pompeii_(film),Ação,Paul W. S. Anderson,,Kit Harington,Emily Browning,Jared Harris,Kiefer Sutherland,Carrie-Anne Moss,$80000000.00 ,$117800000.00 
Popstar: Never Stop Never Stopping,6/3/16,https://en.wikipedia.org/wiki/Popstar:_Never_Stop_Never_Stopping,Comédia,Jorma Taccone,Akiva Schaffer,Jorma Taccone,Akiva Schaffer,Andy Samberg (screenplay),,,$20000000.00 ,$9500000.00 
Premium Rush,8/24/12,https://en.wikipedia.org/wiki/Premium_Rush,Ação,David Koepp,,Joseph Gordon-Levitt,Michael Shannon,Dania Ramirez,Wole Parks,Jamie Chung,$35000000.00 ,$31100000.00 
Pride and Prejudice and Zombies,2/5/16,https://en.wikipedia.org/wiki/Pride_and_Prejudice_and_Zombies_(film),Comédia,Burr Steers,,Lily James,Sam Riley,Matt Smith,Lena Headey,Charles Dance,$28000000.00 ,$16400000.00 
Prisoners,9/20/13,https://en.wikipedia.org/wiki/Prisoners_(2013_film),Crime,Denis Villeneuve,,Jake Gyllenhaal,Hugh Jackman,Paul Dano,Melissa Leo,Viola Davis,$46000000.00 ,$122100000.00 
Project Almanac,1/30/15,https://en.wikipedia.org/wiki/Project_Almanac,Ficção científica,Dean Israelite,,Jonny Weston,Sofia Black-D'Elia,,,,$12000000.00 ,$33200000.00 
Project X,3/2/12,https://en.wikipedia.org/wiki/Project_X_(2012_film),Comédia,Nima Nourizadeh,,Miles Teller,Oliver Cooper,Jonathan Daniel Brown,Kirby Bliss Blanton,Thomas Mann,$12000000.00 ,$102700000.00 
Prometheus,6/8/12,https://en.wikipedia.org/wiki/Prometheus_(2012_film),Ficção científica,Ridley Scott,,Noomi Rapace,Michael Fassbender,Charlize Theron,Idris Elba,Guy Pearce,$130000000.00 ,$403400000.00 
Promised Land,12/28/12,https://en.wikipedia.org/wiki/Promised_Land_(2012_film),Drama,Gus Van Sant,,Matt Damon,John Krasinski,Rosemarie DeWitt,Frances McDormand,,$15000000.00 ,$8100000.00 
R.I.P.D.,7/19/13,https://en.wikipedia.org/wiki/R.I.P.D.,Ação,Robert Schwentke,,Ryan Reynolds,Jeff Bridges,Kevin Bacon,Stephanie Szostak,Mary-Louise Parker,$130000000.00 ,$78300000.00 
Race,2/19/16,https://en.wikipedia.org/wiki/Race_(2016_film),Drama,Stephen Hopkins,,Stephan James,Jason Sudeikis,Jeremy Irons,William Hurt,Carice van Houten,$5000000.00 ,$23500000.00 
Raiders of the Lost Ark: The IMAX Experience,9/7/12,https://en.wikipedia.org/wiki/Raiders_of_the_Lost_Ark,Ação,Steven Spielberg,,Harrison Ford,John Rhys-Davies,Karen Allen,Paul Freeman,Alfred Molina,$18000000.00 ,$389900000.00 
Rams,5/15/15,https://en.wikipedia.org/wiki/Rams_(film),Drama,Grímur Hákonarson,,Sigurður Sigurjónsson,,,,,$1750000.00 ,$1740000.00 
Ratchet & Clank,4/29/16,https://en.wikipedia.org/wiki/Ratchet_%2526_Clank_(film),Ficção científica,Jerrica Cleland,Kevin Munroe,Paul Giamatti,John Goodman,Bella Thorne,Rosario Dawson,James Arnold Taylor,$20000000.00 ,$12800000.00 
RED 2,7/19/13,https://en.wikipedia.org/wiki/RED_2_(film),Ação,Dean Parisot,,Bruce Willis,John Malkovich,Helen Mirren,Mary-Louise Parker,Catherine Zeta-Jones,$84000000.00 ,$148100000.00 
Red Dawn,11/21/12,https://en.wikipedia.org/wiki/Red_Dawn_(2012_film),Ação,Dan Bradley,,Will Yun Lee,Chris Hemsworth,Josh Peck,Adrianne Palicki,Josh Hutcherson,$65000000.00 ,$48100000.00 
Red Tails,1/20/12,https://en.wikipedia.org/wiki/Red_Tails,Drama,Anthony Hemingway,,Cuba Gooding Jr.,Nate Parker,David Oyelowo,Daniela Ruah,Terrence Howard,$58000000.00 ,$50400000.00 
Resident Evil: Retribution,9/14/12,https://en.wikipedia.org/wiki/Resident_Evil:_Retribution,Ação,Paul W. S. Anderson,,Milla Jovovich,Sienna Guillory,Colin Salmon,Boris Kodjoe,Michelle Rodriguez,$65000000.00 ,$240200000.00 
Ricki and the Flash,8/7/15,https://en.wikipedia.org/wiki/Ricki_and_the_Flash,Comédia,Jonathan Demme,,Meryl Streep,Kevin Kline,Mamie Gummer,Audra McDonald,Sebastian Stan,$18000000.00 ,$41300000.00 
Riddick,9/6/13,https://en.wikipedia.org/wiki/Riddick_(film),Ação,David Twohy,,Vin Diesel,Karl Urban,Katee Sackhoff,Dave Bautista,Matthew Nable,$40000000.00 ,$100300000.00 
Ride Along,1/17/14,https://en.wikipedia.org/wiki/Ride_Along_(film),Ação,Tim Story,,Ice Cube,Kevin Hart,John Leguizamo,Bruce McGill,Tika Sumpter,$25000000.00 ,$154500000.00 
Ride Along 2,1/15/16,https://en.wikipedia.org/wiki/Ride_Along_2,Comédia,Tim Story,,Ice Cube,Kevin Hart,Benjamin Bratt,Olivia Munn,Ken Jeong,$40000000.00 ,$124200000.00 
Rio 2,3/20/14,https://en.wikipedia.org/wiki/Rio_2,Família,Carlos Saldanha,,Jesse Eisenberg,Anne Hathaway,Leslie Mann,Bruno Mars,Jemaine Clement,$103000000.00 ,$500100000.00 
Rise of the Guardians,11/21/12,https://en.wikipedia.org/wiki/Rise_of_the_Guardians,Aventura,Peter Ramsey,,Chris Pine,Alec Baldwin,Hugh Jackman,Isla Fisher,Jude Law,$145000000.00 ,$306900000.00 
Risen,2/19/16,https://en.wikipedia.org/wiki/Risen_(2016_film),Drama,Kevin Reynolds,,Joseph Fiennes,Tom Felton,Cliff Curtis,,,$20000000.00 ,$46100000.00 
RoboCop,1/30/14,https://en.wikipedia.org/wiki/RoboCop_(2014_film),Ação,José Padilha,,Joel Kinnaman,Gary Oldman,Michael Keaton,Samuel L. Jackson,Jackie Earle Haley,$100000000.00 ,$242700000.00 
Robot & Frank,8/17/12,https://en.wikipedia.org/wiki/Robot_%2526_Frank,Comédia,Jake Schreier,,Frank Langella,Susan Sarandon,James Marsden,Liv Tyler,Peter Sarsgaard,$2500000.00 ,$4900000.00 
Rock of Ages,6/15/12,https://en.wikipedia.org/wiki/Rock_of_Ages_(2012_film),Musical,Adam Shankman,,Julianne Hough,Diego Boneta,Tom Cruise,Alec Baldwin,Russell Brand,$75000000.00 ,$59400000.00 
Rock the Kasbah,10/22/15,https://en.wikipedia.org/wiki/Rock_the_Kasbah_(film),Comédia,Barry Levinson,,Bill Murray,Bruce Willis,Kate Hudson,Scott Caan,Zooey Deschanel,$15000000.00 ,$3400000.00 
Romeo and Juliet,7/26/13,https://en.wikipedia.org/wiki/Romeo_and_Juliet_(2013_film),Drama,Carlo Carlei,,Hailee Steinfeld,Douglas Booth,Damian Lewis,Natascha McElhone,Lesley Manville,$15000000.00 ,$3000000.00 
Room,9/4/15,https://en.wikipedia.org/wiki/Room_(2015_film),Drama,Lenny Abrahamson,,Brie Larson,Joan Allen,William H. Macy,Sean Bridgers,Jacob Tremblay,$13000000.00 ,$36000000.00 
Run All Night,3/13/15,https://en.wikipedia.org/wiki/Run_All_Night_(film),Ação,Jaume Collet-Serra,,Liam Neeson,Joel Kinnaman,Ed Harris,,,$61600000.00 ,$71700000.00 
"Runner, Runner",9/27/13,"https://en.wikipedia.org/wiki/Runner,_Runner_(film)",Crime,Brad Furman,,Ben Affleck,Justin Timberlake,Gemma Arterton,Anthony Mackie,,$30000000.00 ,$30000000.00 
Rush,9/20/13,https://en.wikipedia.org/wiki/Rush_(2013_film),Ação,Ron Howard,,Chris Hemsworth,Daniel Bruhl,Olivia Wilde,Alexandra Maria Lara,,$38000000.00 ,$90200000.00 
Sabotage,3/19/14,https://en.wikipedia.org/wiki/Sabotage_(2014_film),Ação,David Ayer,,Arnold Schwarzenegger,Mireille Enos,Sam Worthington,Joe Manganiello,Olivia Williams,$35000000.00 ,$17500000.00 
Safe House,2/10/12,https://en.wikipedia.org/wiki/Safe_House_(2012_film),Ação,Daniel Espinosa,,Denzel Washington,Ryan Reynolds,Sam Shepard,Robert Patrick,Liam Cunningham,$85000000.00 ,$208100000.00 
Salmon Fishing in the Yemen,3/9/12,https://en.wikipedia.org/wiki/Salmon_Fishing_in_the_Yemen,Drama,Lasse Hallström,,Ewan McGregor,Emily Blunt,Kristin Scott Thomas,Amr Waked,,$14400000.00 ,$34600000.00 
Savages,7/6/12,https://en.wikipedia.org/wiki/Savages_(2012_film),Crime,Oliver Stone,,Taylor Kitsch,Blake Lively,Aaron Johnson,John Travolta,Benicio del Toro,$45000000.00 ,$83000000.00 
Scary Movie 5,4/12/13,https://en.wikipedia.org/wiki/Scary_Movie_5,Comédia,Malcolm D. Lee,,Ashley Tisdale,Simon Rex,Lindsay Lohan,Charlie Sheen,Terry Crews,$20000000.00 ,$78400000.00 
Secret in Their Eyes,11/20/15,https://en.wikipedia.org/wiki/Secret_in_Their_Eyes,Crime,Billy Ray,,Julia Roberts,Nicole Kidman,Chiwetel Ejiofor,Dean Norris,,$19500000.00 ,$32200000.00 
Self/less,7/10/15,https://en.wikipedia.org/wiki/Self/less,Drama,Tarsem Singh,,Ryan Reynolds,Ben Kingsley,Natalie Martinez,Victor Garber,Matthew Goode,$26000000.00 ,$30500000.00 
Selma,12/25/14,https://en.wikipedia.org/wiki/Selma_(film),Drama,Ava DuVernay,,David Oyelowo,Tom Wilkinson,Common,Carmen Ejogo,,$20000000.00 ,$66800000.00 
Seventh Son,12/17/14,https://en.wikipedia.org/wiki/Seventh_Son_(film),Fantasia,Sergei Bodrov,,Sergei Bodrov (director) Ben Barnes,Jeff Bridges,Julianne Moore,Alicia Vikander,Kit Harington,$95000000.00 ,$114200000.00 
Shaun the Sheep Movie,1/24/15,https://en.wikipedia.org/wiki/Shaun_the_Sheep_Movie,Aventura,Mark Burton,,Justin Fletcher,John Sparkes,,,,$25000000.00 ,$106000000.00 
Sicario,5/19/15,https://en.wikipedia.org/wiki/Sicario_(2015_film),Crime,Denis Villeneuve,,Emily Blunt,Benicio del Toro,Josh Brolin,Jon Bernthal,,$30000000.00 ,$84900000.00 
Side Effects,2/8/13,https://en.wikipedia.org/wiki/Side_Effects_(2013_film),Crime,Steven Soderbergh,,Rooney Mara,Jude Law,Channing Tatum,Catherine Zeta-Jones,Vinessa Shaw,$30000000.00 ,$66700000.00 
Silent Hill: Revelation 3D,10/26/12,https://en.wikipedia.org/wiki/Silent_Hill:_Revelation_3D,Terror,Michael J. Bassett,,Adelaide Clemens,Sean Bean,Radha Mitchell,Kit Harington,Carrie-Anne Moss,$20000000.00 ,$52300000.00 
Silver Linings Playbook,11/16/12,https://en.wikipedia.org/wiki/Silver_Linings_Playbook,Drama,David O. Russell,,Bradley Cooper,Jennifer Lawrence,Brea Bee,Robert De Niro,Jacki Weaver,$21000000.00 ,$236400000.00 
Sin City: A Dame to Kill For,8/19/14,https://en.wikipedia.org/wiki/Sin_City:_A_Dame_to_Kill_For,Crime,Frank Miller,Robert Rodriguez,Jessica Alba,Powers Boothe,Josh Brolin,Rosario Dawson,Joseph Gordon-Levitt,$65000000.00 ,$39400000.00 
Sinister,10/12/12,https://en.wikipedia.org/wiki/Sinister_(film),Terror,Scott Derrickson,,Ethan Hawke,Juliet Rylance,Fred Thompson,Vincent D'Onofrio,,$3000000.00 ,$77700000.00 
Sinister 2,8/21/15,https://en.wikipedia.org/wiki/Sinister_2,Terror,Ciaran Foy,,James Ransone,Shannyn Sossamon,,,,$10000000.00 ,$52900000.00 
Sisters,12/18/15,https://en.wikipedia.org/wiki/Sisters_(2015_film),Comédia,Jason Moore,,Amy Poehler,Tina Fey,John Cena,Maya Rudolph,,$30000000.00 ,$105000000.00 
Snitch,2/22/13,https://en.wikipedia.org/wiki/Snitch_(film),Ação,Ric Roman Waugh,,Dwayne Johnson,Susan Sarandon,Benjamin Bratt,Barry Pepper,,$15000000.00 ,$57800000.00 
Snow White and the Huntsman,6/1/12,https://en.wikipedia.org/wiki/Snow_White_and_the_Huntsman,Ação,Rupert Sanders,,Charlize Theron,Kristen Stewart,Chris Hemsworth,Sam Spruell,Ian McShane,$170000000.00 ,$396600000.00 
Son of God,2/28/14,https://en.wikipedia.org/wiki/Son_of_God_(film),Drama,Christopher Spencer,,Diogo Morgado,Roma Downey,Darwin Shaw,,,$22000000.00 ,$67800000.00 
Son of Saul,5/15/15,https://en.wikipedia.org/wiki/Son_of_Saul,Drama,László Nemes,,Géza Röhrig,,,,,$1500000.00 ,$6200000.00 
Southpaw,6/15/15,https://en.wikipedia.org/wiki/Southpaw_(film),Drama,Antoine Fuqua,,Jake Gyllenhaal,Rachel McAdams,Naomie Harris,Forest Whitaker,Victor Ortiz,$30000000.00 ,$92000000.00 
Spotlight,9/3/15,https://en.wikipedia.org/wiki/Spotlight_(film),Drama,Tom McCarthy,,Mark Ruffalo,Michael Keaton,Rachel McAdams,Liev Schreiber,John Slattery,$20000000.00 ,$88300000.00 
Spy,5/15/15,https://en.wikipedia.org/wiki/Spy_(2015_film),Ação,Paul Feig,,Melissa McCarthy,Jason Statham,Rose Byrne,Miranda Hart,Bobby Cannavale,$65000000.00 ,$235700000.00 
St. Vincent,9/5/14,https://en.wikipedia.org/wiki/St._Vincent_(film),Comédia,Theodore Melfi,,Bill Murray,Melissa McCarthy,Naomi Watts,Chris O'Dowd,Kimberly Quinn,$13000000.00 ,$54800000.00 
Stand by Me Doraemon,8/8/14,https://en.wikipedia.org/wiki/Stand_by_Me_Doraemon,Animação,Takashi Yamazaki,Ryuichi Yagi,Wasabi Mizuta,Megumi Ohara,Yumi Kakazu,Tomokazu Seki,Subaru Kimura,$35000000.00 ,$196400000.00 
Star Trek Beyond,7/22/16,https://en.wikipedia.org/wiki/Star_Trek_Beyond,Ação,Justin Lin,,Chris Pine,Zachary Quinto,Zoe Saldana,Karl Urban,John Cho,$185000000.00 ,$243000000.00 
Step Up: All In,8/8/14,https://en.wikipedia.org/wiki/Step_Up:_All_In,Drama,Trish Sie,,Ryan Guzman,Briana Evigan,Alyson Stoner,Adam Sevani,Mari Koda,$45000000.00 ,$86200000.00 
Steve Jobs,9/5/15,https://en.wikipedia.org/wiki/Steve_Jobs_(2015_film),Biografia,Danny Boyle,,Michael Fassbender,Seth Rogen,Kate Winslet,Jeff Daniels,Katherine Waterston,$30000000.00 ,$34400000.00 
Straight Outta Compton,8/11/15,https://en.wikipedia.org/wiki/Straight_Outta_Compton_(2015_film),Biografia,F. Gary Gray,,O'Shea Jackson,Jr.,Corey Hawkins,Jason Mitchell,Aldis Hodge,$50000000.00 ,$201600000.00 
Suffragette,9/4/15,https://en.wikipedia.org/wiki/Suffragette_(film),Drama,Sarah Gavron,,Carey Mulligan,Helena Bonham Carter,Meryl Streep,Ben Whishaw,Brendan Gleeson,$14000000.00 ,$32000000.00 
Suicide Squad,8/5/16,https://en.wikipedia.org/wiki/Suicide_Squad_(film),Ação,David Ayer,,Will Smith,Jared Leto,Margot Robbie,Joel Kinnaman,Viola Davis,$175000000.00 ,$636700000.00 
Taken 2,10/5/12,https://en.wikipedia.org/wiki/Taken_2,Ação,Olivier Megaton,,Liam Neeson,Famke Janssen,Maggie Grace,Rade Sherbedgia,Luke Grimes,$43000000.00 ,$376100000.00 
Tammy,7/2/14,https://en.wikipedia.org/wiki/Tammy_(film),Comédia,Ben Falcone,,Melissa McCarthy,Susan Sarandon,Allison Janney,Toni Collette,Sandra Oh,$20000000.00 ,$100500000.00 
Ted,6/29/12,https://en.wikipedia.org/wiki/Ted_(film),Comédia,Seth MacFarlane,,Mark Wahlberg,Mila Kunis,Seth MacFarlane,Giovanni Ribisi,Joel McHale,$51000000.00 ,$549400000.00 
Ted 2,6/24/15,https://en.wikipedia.org/wiki/Ted_2,Comédia,Seth MacFarlane,,Alec Sulkin,Wellesley Wild(screenplay) Mark Wahlberg,Seth MacFarlane,Amanda Seyfried,Giovanni Ribisi,$68000000.00 ,$216700000.00 
Teenage Mutant Ninja Turtles,7/29/14,https://en.wikipedia.org/wiki/Teenage_Mutant_Ninja_Turtles_(2014_film),Ação,Jonathan Liebesman,,Megan Fox,Johnny Knoxville,Alan Ritchson,Noel Fisher,Jeremy Howard,$125000000.00 ,$493300000.00 
Teenage Mutant Ninja Turtles: Out of the Shadows,5/22/16,https://en.wikipedia.org/wiki/Teenage_Mutant_Ninja_Turtles:_Out_of_the_Shadows,Ação,Dave Green,,Megan Fox,Stephen Amell,Will Arnett,Laura Linney,Brian Tee,$135000000.00 ,$242500000.00 
Terminator Genisys,6/22/15,https://en.wikipedia.org/wiki/Terminator_Genisys,Ficção científica,Alan Taylor,,Arnold Schwarzenegger,J. K. Simmons,Emilia Clarke,Jason Clarke,Jai Courtney,$155000000.00 ,$440600000.00 
Texas Chainsaw 3D,1/4/13,https://en.wikipedia.org/wiki/Texas_Chainsaw_3D,Terror,John Luessenhop,,Alexandra Daddario,Dan Yeager,Trey Songz,Scott Eastwood,Tania Raymonde,$20000000.00 ,$47200000.00 
That Awkward Moment,1/27/14,https://en.wikipedia.org/wiki/That_Awkward_Moment,Comédia,Tom Gormican,,Zac Efron,Michael B. Jordan,Miles Teller,Imogen Poots,Jessica Lucas,$8000000.00 ,$40500000.00 
The 33,8/6/15,https://en.wikipedia.org/wiki/The_33_(film),Drama,Patricia Riggen,,Antonio Banderas,Rodrigo Santoro,Juliette Binoche,James Brolin,Lou Diamond Phillips,$26000000.00 ,$24900000.00 
The 5th Wave,1/22/16,https://en.wikipedia.org/wiki/The_5th_Wave_(film),Ficção científica,J Blakeson,,Chloë Grace Moretz,Nick Robinson,Alex Roe,Liev Schreiber,Maika Monroe,$35000000.00 ,$110700000.00 
The Age of Adaline,4/24/15,https://en.wikipedia.org/wiki/The_Age_of_Adaline,Romance,Lee Toland Krieger,,Blake Lively,Michiel Huisman,Harrison Ford,Ellen Burstyn,Amanda Crew,$25000000.00 ,$65700000.00 
The Amazing Spider-Man,7/3/12,https://en.wikipedia.org/wiki/The_Amazing_Spider-Man_(2012_film),Ação,Marc Webb,,Andrew Garfield,Emma Stone,Max Charles,Martin Sheen,Sally Field,$230000000.00 ,$757900000.00 
The Angry Birds Movie,5/5/16,https://en.wikipedia.org/wiki/The_Angry_Birds_Movie,Comédia,Clay Kaytis,Fergal Reilly,Jason Sudeikis,Josh Gad,Danny McBride,Bill Hader,Maya Rudolph,$73000000.00 ,$346900000.00 
The Best Exotic Marigold Hotel ,5/4/12,https://en.wikipedia.org/wiki/The_Best_Exotic_Marigold_Hotel,Comédia,John Madden,,Judi Dench,Bill Nighy,Dev Patel,Tom Wilkinson,Maggie Smith,$10000000.00 ,$136800000.00 
The Big Short,12/11/15,https://en.wikipedia.org/wiki/The_Big_Short_(film),Biografia,Adam McKay,,Religious Bale,Steve Carell,Ryan Gosling,Brad Pitt,Melissa Leo,$28000000.00 ,$133300000.00 
The Bling Ring,6/14/13,https://en.wikipedia.org/wiki/The_Bling_Ring,Comédia,Sofia Coppola,,Emma Watson,Israel Broussard,Katie Chang,Claire Julien,Taissa Farmiga,$8000000.00 ,$19100000.00 
The Book of Life,10/12/14,https://en.wikipedia.org/wiki/The_Book_of_Life_(2014_film),Família,Jorge R. Gutierrez,,Christina Applegate,Diego Luna,Zoe Saldana,Channing Tatum,,$50000000.00 ,$99800000.00 
The Boss,4/8/16,https://en.wikipedia.org/wiki/The_Boss_(2016_film),Comédia,Ben Falcone,,Melissa McCarthy,Kristen Bell,Peter Dinklage,Tyler Labine,Kristen Schaal,$29000000.00 ,$78600000.00 
The Bourne Legacy,8/10/12,https://en.wikipedia.org/wiki/The_Bourne_Legacy_(film),Ação,Tony Gilroy,,Jeremy Renner,Rachel Weisz,Edward Norton,Oscar Isaac,Joan Allen,$125000000.00 ,$276100000.00 
The Boxtrolls,8/31/14,https://en.wikipedia.org/wiki/The_Boxtrolls,Família,Anthony Stacchi,Graham Annable,Ben Kingsley,Toni Collette,Elle Fanning,Isaac Hempstead-Wright,Jared Harris,$60000000.00 ,$109300000.00 
The Boy,1/22/16,https://en.wikipedia.org/wiki/The_Boy_(2016_film),Terror,William Brent Bell,,Lauren Cohan,Rupert Evans,Jim Norton,Diana Hardcastle,,$10000000.00 ,$64200000.00 
The Butler,8/16/13,https://en.wikipedia.org/wiki/The_Butler,Drama,Lee Daniels,,Forest Whitaker,Oprah Winfrey,David Oyelowo,Liam Neeson,John Cusack,$30000000.00 ,$176600000.00 
The Cabin in the Woods,4/13/12,https://en.wikipedia.org/wiki/The_Cabin_in_the_Woods,Terror,Drew Goddard,,Richard Jenkins,Bradley Whitford,Jesse Williams,Chris Hemsworth,Kristen Connolly,$30000000.00 ,$66500000.00 
The Call,3/15/13,https://en.wikipedia.org/wiki/The_Call_(2013_film),Mistério,Brad Anderson,,Abigail Breslin,Halle Berry,Morris Chestnut,Michael Eklund,Michael Imperioli,$13000000.00 ,$68600000.00 
The Campaign,8/10/12,https://en.wikipedia.org/wiki/The_Campaign_(film),Comédia,Jay Roach,,Will Ferrell,Zach Galifianakis,Jason Sudeikis,Katherine LaNasa,Dylan McDermott,$95000000.00 ,$104900000.00 
The Cold Light of Day,9/7/12,https://en.wikipedia.org/wiki/The_Cold_Light_of_Day_(film),Ação,Mabrouk El Mechri,,Henry Cavill,Bruce Willis,Sigourney Weaver,Veronica Echegui,Roschoy Zem,$20000000.00 ,$16900000.00 
The Collection,11/30/12,https://en.wikipedia.org/wiki/The_Collection_(film),Terror,Marcus Dunstan,,Josh Stewart,Emma Fitzpatrick,,,,$10000000.00 ,$8900000.00 
The Conjuring,7/19/13,https://en.wikipedia.org/wiki/The_Conjuring_(film),Suspense,James Wan,,Patrick Wilson,Vera Farmiga,Ron Livingston,Lili Taylor,Shannon Kook,$20000000.00 ,$318000000.00 
The Conjuring 2,6/7/16,https://en.wikipedia.org/wiki/The_Conjuring_2,Terror,James Wan,,Patrick Wilson,Vera Farmiga,,,,$40000000.00 ,$319500000.00 
The Croods,3/22/13,https://en.wikipedia.org/wiki/The_Croods,Aventura,Chris Sanders,Kirk DeMicco,Nicolas Cage,Ryan Reynolds,Emma Stone,Catherine Keener,Clark Duke,$135000000.00 ,$587200000.00 
The Danish Girl,9/5/15,https://en.wikipedia.org/wiki/The_Danish_Girl_(film),Drama,Tom Hooper,,Eddie Redmayne,Alicia Vikander,Matthias Schoenaerts,Ben Whishaw,,$15000000.00 ,$64200000.00 
The Darkness,5/13/16,https://en.wikipedia.org/wiki/The_Darkness_(film),Terror,Greg McLean,,Kevin Bacon,Radha Mitchell,David Mazouz,Lucy Fry,Matt Walsh,$4000000.00 ,$10900000.00 
The Devil Inside,1/6/12,https://en.wikipedia.org/wiki/The_Devil_Inside_(film),Terror,William Brent Bell,,Suzan Crowley,Fernanda Andrade,Simon Quarterman,Evan Helmuth,,$1000000.00 ,$101800000.00 
The Dictator,5/16/12,https://en.wikipedia.org/wiki/The_Dictator_(2012_film),Comédia,Larry Charles,,Sacha Baron Cohen,Ben Kingsley,Anna Faris,Megan Fox,John C. Reilly,$65000000.00 ,$179400000.00 
The Divergent Series: Allegiant,3/18/16,https://en.wikipedia.org/wiki/The_Divergent_Series:_Allegiant,Aventura,Robert Schwentke,,Shailene Woodley,Theo James,Naomi Watts,Jeff Daniels,Ansel Elgort,$110000000.00 ,$179200000.00 
The Divergent Series: Insurgent,3/19/15,https://en.wikipedia.org/wiki/The_Divergent_Series:_Insurgent,Ficção científica,Robert Schwentke,,Shailene Woodley,Kate Winslet,Theo James,Ansel Elgort,Naomi Watts,$110000000.00 ,$297300000.00 
The Drop,9/12/14,https://en.wikipedia.org/wiki/The_Drop_(film),Drama,Michaël R. Roskam,,Tom Hardy,Noomi Rapace,James Gandolfini,Matthias Schoenaerts,John Ortiz,$12600000.00 ,$18700000.00 
The Duff,2/12/15,https://en.wikipedia.org/wiki/The_Duff,Comédia,Ari Sandel,,Mae Whitman,Robbie Amell,Bella Thorne,Bianca A. Santos,Allison Janney,$8500000.00 ,$43500000.00 
The East,5/31/13,https://en.wikipedia.org/wiki/The_East_(film),Crime,Zal Batmanglij,,Brit Marling,Alexander Skarsgard,Ellen Page,Julia Ormond,Patricia Clarkson,$6500000.00 ,$2400000.00 
The Equalizer,9/7/14,https://en.wikipedia.org/wiki/The_Equalizer_(film),Suspense,Antoine Fuqua,,Denzel Washington,Chloë Grace Moretz,Marton Csokas,David Harbour,Bill Pullman,$55000000.00 ,$192300000.00 
The Expendables 2,8/17/12,https://en.wikipedia.org/wiki/The_Expendables_2,Ação,Simon West,,Sylvester Stallone,Jason Statham,Dolph Lundgren,Terry Crews,Randy Couture,$100000000.00 ,$305400000.00 
The Expendables 3,8/4/14,https://en.wikipedia.org/wiki/The_Expendables_3,Ação,Patrick Hughes,,Sylvester Stallone,Arnold Schwarzenegger,Harrison Ford,Mel Gibson,Jason Statham,$90000000.00 ,$206200000.00 
The Family,9/13/13,https://en.wikipedia.org/wiki/The_Family_(2013_film),Crime,Luc Besson,,Robert De Niro,Michelle Pfeiffer,Dianna Agron,Tommy Lee Jones,Vincent Pastore,$30000000.00 ,$78400000.00 
The Fault in Our Stars,5/16/14,https://en.wikipedia.org/wiki/The_Fault_in_Our_Stars_(film),Drama,Josh Boone,,Shailene Woodley,Ansel Elgort,,,,$13000000.00 ,$307200000.00 
The Five-Year Engagement,4/27/12,https://en.wikipedia.org/wiki/The_Five-Year_Engagement,Comédia,Nicholas Stoller,,Jason Segel,Emily Blunt,Chris Pratt,Alison Brie,Rhys Ifans,$30000000.00 ,$53900000.00 
The Forest,1/8/16,https://en.wikipedia.org/wiki/The_Forest_(2016_film),Terror,Jason Zada,,Natalie Dormer,Taylor Kinney,,,,$10000000.00 ,$37600000.00 
The Gift,7/30/15,https://en.wikipedia.org/wiki/The_Gift_(2015_film),Suspense,Joel Edgerton,,Jason Bateman,Rebecca Hall,Joel Edgerton,,,$5000000.00 ,$59000000.00 
The Giver,8/11/14,https://en.wikipedia.org/wiki/The_Giver_(film),Ficção científica,Phillip Noyce,,Jeff Bridges,Brenton Thwaites,Meryl Streep,Alexander Skarsgård,Katie Holmes,$25000000.00 ,$67000000.00 
The Grand Budapest Hotel,2/6/14,https://en.wikipedia.org/wiki/The_Grand_Budapest_Hotel,Comédia,Wes Anderson,,Ralph Fiennes,Tony Revolori,F. Murray Abraham,Mathieu Amalric,Adrien Brody,$23000000.00 ,$174800000.00 
The Great Gatsby,5/10/13,https://en.wikipedia.org/wiki/The_Great_Gatsby_(2013_film),Drama,Baz Luhrmann,,Leonardo DiCaprio,Tobey Maguire,Joel Edgerton,Carey Mulligan,Isla Fisher,$105000000.00 ,$351000000.00 
The Grey,1/27/12,https://en.wikipedia.org/wiki/The_Grey_(film),Ação,Joe Carnahan,,Liam Neeson,Frank Grillo,Dermot Mulroney,Dallas Roberts,,$25000000.00 ,$77300000.00 
The Gunman,3/20/15,https://en.wikipedia.org/wiki/The_Gunman_(film),Suspense,Pierre Morel,,Sean Penn,Javier Bardem,Ray Winstone,Idris Elba,Mark Rylance,$40000000.00 ,$24200000.00 
The Hangover Part III,5/23/13,https://en.wikipedia.org/wiki/The_Hangover_Part_III,Comédia,Todd Phillips,,Bradley Cooper,Zach Galifianakis,Ed Helms,Justin Bartha,Ken Jeong,$103000000.00 ,$362000000.00 
The Hateful Eight,12/25/15,https://en.wikipedia.org/wiki/The_Hateful_Eight,Drama,Quentin Tarantino,,Samuel L. Jackson,Kurt Russell,Jennifer Jason Leigh,Walton Goggins,Tim Roth,$44000000.00 ,$155800000.00 
The Heat,6/28/13,https://en.wikipedia.org/wiki/The_Heat_(film),Ação,Paul Feig,,Sandra Bullock,Melissa McCarthy,Kaitlin Olson,Tony Hale,Demian Bichir,$43000000.00 ,$229900000.00 
The Hobbit: The Battle of the Five Armies,12/1/14,https://en.wikipedia.org/wiki/The_Hobbit:_The_Battle_of_the_Five_Armies,Aventura,Peter Jackson,,Ian McKellen,Martin Freeman,Richard Armitage,Evangeline Lilly,Luke Evans,$250000000.00 ,$956000000.00 
The Host,3/29/13,https://en.wikipedia.org/wiki/The_Host_(2013_film),Ficção científica,Andrew Niccol,,Saoirse Ronan,Max Irons,Jake Abel,Diane Kruger,William Hurt,$40000000.00 ,$63300000.00 
The Hundred-Foot Journey,8/8/14,https://en.wikipedia.org/wiki/The_Hundred-Foot_Journey_(film),Drama,Lasse Hallström,,Helen Mirren,Manish Dayal,,,,$22000000.00 ,$88900000.00 
The Hunger Games,3/23/12,https://en.wikipedia.org/wiki/The_Hunger_Games_(film),Ação,Gary Ross,,Jennifer Lawrence,Josh Hutcherson,Liam Hemsworth,Wes Bentley,Elizabeth Banks,$78000000.00 ,$694400000.00 
The Hunger Games: Mockingjay – Part 1,11/10/14,https://en.wikipedia.org/wiki/The_Hunger_Games:_Mockingjay_%25E2%2580%2593_Part_1,Ficção científica,Francis Lawrence,,Jennifer Lawrence,Josh Hutcherson,Woody Harrelson,Julianne Moore,Donald Sutherland,$125000000.00 ,$755400000.00 
The Hunger Games: Mockingjay – Part 2,11/4/15,https://en.wikipedia.org/wiki/The_Hunger_Games:_Mockingjay_%25E2%2580%2593_Part_2,Ficção científica,Francis Lawrence,,Jennifer Lawrence,Josh Hutcherson,Liam Hemsworth,Woody Harrelson,Elizabeth Banks,$160000000.00 ,$653400000.00 
The Huntsman: Winter's War,4/22/16,https://en.wikipedia.org/wiki/The_Huntsman:_Winter%2527s_War,Fantasia,Cedric Nicolas-Troyan,,Chris Hemsworth,Charlize Theron,Emily Blunt,Jessica Chastain,Nick Frost,$115000000.00 ,$164600000.00 
The Iceman,5/3/13,https://en.wikipedia.org/wiki/The_Iceman_(film),Drama,Ariel Vromen,,Morgan Land (screenplay),Michael Shannon,Winona Ryder,Chris Evans,Ray Liotta,$10000000.00 ,$4400000.00 
The Identical,4/17/14,https://en.wikipedia.org/wiki/The_Identical,Religioso,Dustin Marcellino,,Ray Liotta,Ashley Judd,Seth Green,Brian Geraghty,Joe Pantoliano,$16000000.00 ,$2800000.00 
The Imitation Game,8/29/14,https://en.wikipedia.org/wiki/The_Imitation_Game,Drama,Morten Tyldum,,Benedict Cumberbatch,Keira Knightley,Matthew Goode,Rory Kinnear,Allen Leech,$14000000.00 ,$233600000.00 
The Impossible,12/21/12,https://en.wikipedia.org/wiki/The_Impossible_(2012_film),Drama,Juan Antonio Bayona,,Naomi Watts,Ewan McGregor,,,,$45000000.00 ,$180300000.00 
The Incredible Burt Wonderstone,3/15/13,https://en.wikipedia.org/wiki/The_Incredible_Burt_Wonderstone,Comédia,Don Scardino,,Steve Carell,Jim Carrey,Steve Buscemi,Olivia Wilde,James Gandolfini,$34000000.00 ,$27400000.00 
The Infiltrator,7/13/16,https://en.wikipedia.org/wiki/The_Infiltrator_(2016_film),Drama,Brad Furman,,Bryan Cranston,Diane Kruger,Benjamin Bratt,John Leguizamo,Amy Ryan,$47500000.00 ,$15200000.00 
The Intern,9/15/15,https://en.wikipedia.org/wiki/The_Intern_(2015_film),Comédia,Nancy Meyers,,Robert De Niro,Anne Hathaway,Rene Russo,Adam DeVine,Anders Holm,$44000000.00 ,$194600000.00 
The Internship,6/7/13,https://en.wikipedia.org/wiki/The_Internship,Comédia,Shawn Levy,,Vince Vaughn,Owen Wilson,Dylan O'Brien,Rose Byrne,Jessica Szohr,$58000000.00 ,$93000000.00 
The Interview,12/11/14,https://en.wikipedia.org/wiki/The_Interview_(2014_film),Ação,Seth Rogen,Evan Goldberg,Seth Rogen,James Franco,Lizzy Caplan,,,$44000000.00 ,$11300000.00 
The Judge,9/4/14,https://en.wikipedia.org/wiki/The_Judge_(2014_film),Comédia,David Dobkin,,Robert Downey,Jr.,Robert Duvall,Vera Farmiga,Billy Bob Thornton,$50000000.00 ,$84400000.00 
The Lady in the Van,12/4/15,https://en.wikipedia.org/wiki/The_Lady_in_the_Van,Comédia,Nicholas Hytner,,Maggie Smith,Alex Jennings,Jim Broadbent,Frances de la Tour,Roger Allam,$6000000.00 ,$41400000.00 
The Last Exorcism Part II,3/1/13,https://en.wikipedia.org/wiki/The_Last_Exorcism_Part_II,Terror,Ed Gass-Donnelly,,Ashley Bell,Spencer Treat Clark,Muse Watson,Louis Herthum,Judd Lormand,$5000000.00 ,$15100000.00 
The Last Stand,1/18/13,https://en.wikipedia.org/wiki/The_Last_Stand_(2013_film),Ação,Kim Ji-woon,,Arnold Schwarzenegger,Forest Whitaker,Peter Stormare,Jaimie Alexander,Rodrigo Santoro,$45000000.00 ,$48300000.00 
The Last Witch Hunter,10/23/15,https://en.wikipedia.org/wiki/The_Last_Witch_Hunter,Ação,Breck Eisner,,Vin Diesel,Michael Caine,Rose Leslie,Elijah Wood,,$90000000.00 ,$140400000.00 
The Lazarus Effect,2/27/15,https://en.wikipedia.org/wiki/The_Lazarus_Effect_(2015_film),Terror,David Gelb,,Olivia Wilde,Mark Duplass,Donald Glover,,,$3300000.00 ,$38400000.00 
The Legend of Hercules,1/10/14,https://en.wikipedia.org/wiki/The_Legend_of_Hercules,Ação,Renny Harlin,,Kellan Lutz,Gaia Weiss,Scott Adkins,Roxanne McKee,Liam Garrigan,$70000000.00 ,$61300000.00 
The Legend of Tarzan,7/1/16,https://en.wikipedia.org/wiki/The_Legend_of_Tarzan_(film),Ação,David Yates,,Alexander Skarsgard,Margot Robbie,Christoph Waltz,Samuel L. Jackson,Djimon Hounsou,$180000000.00 ,$352700000.00 
The Lego Movie,2/1/14,https://en.wikipedia.org/wiki/The_Lego_Movie,Família,Phil Lord,Chris Miller,Chris Pratt,Will Ferrell,Elizabeth Banks,Will Arnett,Nick Offerman,$60000000.00 ,$469200000.00 
The Letters,12/4/15,https://en.wikipedia.org/wiki/The_Letters_(film),Drama,William Riead,,Juliet Stevenson,Max von Sydow,Rutger Hauer,Priya Darshini,,$1000000.00 ,$1600000.00 
The Lucky One,4/20/12,https://en.wikipedia.org/wiki/The_Lucky_One_(film),Drama,Scott Hicks,,Zac Efron,Taylor Schilling,Jay R. Ferguson,Riley Thomas Stewart,Adam Lefevre,$25000000.00 ,$99400000.00 
The Man from U.N.C.L.E.,8/7/15,https://en.wikipedia.org/wiki/The_Man_from_U.N.C.L.E._(film),Ação,Guy Ritchie,,Henry Cavill,Armie Hammer,Elizabeth Debicki,Alicia Vikander,Hugh Grant,$75000000.00 ,$109800000.00 
The Man with the Iron Fists,11/2/12,https://en.wikipedia.org/wiki/The_Man_with_the_Iron_Fists,Ação,RZA,,Russell Crowe,Lucy Liu,David Bautista,RZA,Byron Mann,$20000000.00 ,$20300000.00 
The Martian,9/11/15,https://en.wikipedia.org/wiki/The_Martian_(film),Ficção científica,Ridley Scott,,Matt Damon,Jeff Daniels,Kristen Wiig,Sean Bean,Jessica Chastain,$108000000.00 ,$630200000.00 
The Master,9/14/12,https://en.wikipedia.org/wiki/The_Master_(2012_film),Drama,Paul Thomas Anderson,,Philip Seymour Hoffman,Joaquin Phoenix,Jesse Plemons,David Warshofsky,Amy Adams,$32000000.00 ,$28300000.00 
The Maze Runner,9/19/14,https://en.wikipedia.org/wiki/The_Maze_Runner_(film),Ficção científica,Wes Ball,,Dylan O'Brien,Will Poulter,Thomas Sangster,Aml Ameen,Kaya Scodelario,$34000000.00 ,$348300000.00 
The Mermaid,2/8/16,https://en.wikipedia.org/wiki/The_Mermaid_(2016_film),Ficção científica,Stephen Chow,,Deng Chao,Lin Yun,Show Luo,Zhang Yuqi,Kris Wu,$60720000.00 ,$553800000.00 
The Monuments Men,2/7/14,https://en.wikipedia.org/wiki/The_Monuments_Men,Drama,George Clooney,,George Clooney,Matt Damon,Bill Murray,John Goodman,Jean Dujardin,$70000000.00 ,$155000000.00 
The Mortal Instruments: City of Bones,8/21/13,https://en.wikipedia.org/wiki/The_Mortal_Instruments:_City_of_Bones,Ação,Harald Zwart,,Lily Collins,Jamie Campbell Bower,Robert Sheehan,Jemima West,Kevin Durand,$60000000.00 ,$90600000.00 
The Night Before,11/20/15,https://en.wikipedia.org/wiki/The_Night_Before_(2015_film),Comédia,Jonathan Levine,,Joseph Gordon-Levitt,Seth Rogen,Anthony Mackie,,,$25000000.00 ,$52400000.00 
The November Man,8/27/14,https://en.wikipedia.org/wiki/The_November_Man,Suspense,Roger Donaldson,,Pierce Brosnan,Olga Kurylenko,Luke Bracey,Bill Smitrovich,Will Patton,$15000000.00 ,$34800000.00 
The Nut Job,1/11/14,https://en.wikipedia.org/wiki/The_Nut_Job,Família,Peter Lepeniotis,,Will Arnett,Katherine Heigl,Liam Neeson,Brendan Fraser,Gabriel Iglesias,$42800000.00 ,$120900000.00 
The Oogieloves in the Big Balloon Adventure,8/29/12,https://en.wikipedia.org/wiki/The_Oogieloves_in_the_Big_Balloon_Adventure,Família,Matthew Diamond,,Toni Braxton,Cloris Leachman,Christopher Lloyd,Chazz Palminteri,Cary Elwes,$20000000.00 ,$1100000.00 
The Other Woman,3/31/14,https://en.wikipedia.org/wiki/The_Other_Woman_(2014_film),Comédia,Nick Cassavetes,,Cameron Diaz,Leslie Mann,Kate Upton,Nikolaj Coster-Waldau,Taylor Kinney,$40000000.00 ,$196700000.00 
The Peanuts Movie,11/1/15,https://en.wikipedia.org/wiki/The_Peanuts_Movie,Animação,Steve Martino,,Bill Melendez,Noah Schnapp,Hadley Belle Miller,AJ Teece,Noah Johnston,$99000000.00 ,$246200000.00 
The Perfect Guy,9/2/15,https://en.wikipedia.org/wiki/The_Perfect_Guy_(2015_film),Suspense,David M. Rosenthal,,Sanaa Lathan,Michael Ealy,Morris Chestnut,,,$18000000.00 ,$60300000.00 
The Perfect Match,3/11/16,https://en.wikipedia.org/wiki/The_Perfect_Match_(2016_film),Romance,Bille Woodruff,,Terrence J,Cassie Ventura,Donald Faison,Dascha Polanco,Robert Christopher Riley,$5000000.00 ,$10400000.00 
The Perks of Being a Wallflower,9/21/12,https://en.wikipedia.org/wiki/The_Perks_of_Being_a_Wallflower_(film),Drama,Stephen Chbosky,,Emma Watson,Logan Lerman,Mae Whitman,Nina Dobrev,Johnny Simmons,$13000000.00 ,$33400000.00 
The Pirates! Band of Misfits,4/27/12,https://en.wikipedia.org/wiki/The_Pirates!_In_an_Adventure_with_Scientists_(film),Comédia,Peter Lord,Jeff Newitt,Hugh Grant,Salma Hayek,Jeremy Piven,Imelda Staunton,David Tennant,$55000000.00 ,$123000000.00 
The Place Beyond the Pines,3/29/13,https://en.wikipedia.org/wiki/The_Place_Beyond_the_Pines,Crime,Derek Cianfrance,,Ryan Gosling,Bradley Cooper,Rose Byrne,Eva Mendes,Ray Liotta,$15000000.00 ,$47000000.00 
The Possession,8/31/12,https://en.wikipedia.org/wiki/The_Possession_(2012_film),Terror,Ole Bornedal,,Jeffrey Dean Morgan,Kyra Sedgwick,,,,$14000000.00 ,$78500000.00 
The Purge,5/31/13,https://en.wikipedia.org/wiki/The_Purge,Ficção científica,James DeMonaco,,Ethan Hawke,Lena Headey,Max Burkholder,Tony Oller,Edwin Hodge,$3000000.00 ,$89300000.00 
The Purge: Election Year,7/1/16,https://en.wikipedia.org/wiki/The_Purge:_Election_Year,Terror,James DeMonaco,,Frank Grillo,Betty Gabriel,Edwin Hodge,Kyle Secor,Joseph Julian Soria,$10000000.00 ,$105600000.00 
The Raid 2,1/21/14,https://en.wikipedia.org/wiki/The_Raid_2,Ação,Gareth Evans,,Iko Uwais,Tio Pakusadewo,Arifin Putra,Julie Estelle,Alex Abbad,$4500000.00 ,$6600000.00 
The Raid: Redemption ,3/23/12,https://en.wikipedia.org/wiki/The_Raid:_Redemption,Ação,Gareth Evans,,Iko Uwais,Doni Alamsyah,Joe Taslim,Yayan Ruhian,Ray Sahetapy,$1100000.00 ,$9140000.00 
The Raven,4/27/12,https://en.wikipedia.org/wiki/The_Raven_(2012_film),Suspense,James McTeigue,,John Cusack,Alice Eve,Luke Evans,Brendan Gleeson,Oliver Jackson-Cohen,$26000000.00 ,$29700000.00 
The Revenant,12/25/15,https://en.wikipedia.org/wiki/The_Revenant_(2015_film),Suspense,Alejandro G. Iñárritu,,Leonardo DiCaprio,Tom Hardy,Domhnall Gleeson,Will Poulter,,$135000000.00 ,$533000000.00 
The Second Best Exotic Marigold Hotel,2/26/15,https://en.wikipedia.org/wiki/The_Second_Best_Exotic_Marigold_Hotel,Comédia,John Madden,,Judi Dench,Bill Nighy,Maggie Smith,Richard Gere,Celia Imrie,$10000000.00 ,$86000000.00 
The Second Mother,1/25/15,https://en.wikipedia.org/wiki/The_Second_Mother_(2015_film),Drama,Anna Muylaert,,Regina Casé,Michel Joelsas,Camila Márdila,,,$4000000.00 ,$6200000.00 
The Secret Life of Pets,7/8/16,https://en.wikipedia.org/wiki/The_Secret_Life_of_Pets,Aventura,Chris Renaud,Yarrow Cheney,Louis C.K.,Eric Stonestreet,Kevin Hart,Albert Brooks,Hannibal Buress,$75000000.00 ,$724900000.00 
The Secret World of Arrietty,2/17/12,https://en.wikipedia.org/wiki/Arrietty,Aventura,Gary Rydstrom,,Will Arnett,Amy Poehler,Carol Burnett,Bridgit Mendler,David Henrie,$23000000.00 ,$145600000.00 
The Shallows,6/21/16,https://en.wikipedia.org/wiki/The_Shallows_(film),Terror,Jaume Collet-Serra,,Blake Lively,Óscar Jaenada,,,,$17000000.00 ,$93200000.00 
The Signal,1/20/14,https://en.wikipedia.org/wiki/The_Signal_(2014_film),Ficção científica,William Eubank,,Brenton Thwaites,Olivia Cooke,Sarah Clarke,Laurence Fishburne,,$4000000.00 ,$2420000.00 
The Single Moms Club,3/14/14,https://en.wikipedia.org/wiki/The_Single_Moms_Club,Comédia,Tyler Perry,,Tyler Perry,Nia Long,Wendi McLendon-Covey,Zulay Henao,Cocoa Brown,$8000000.00 ,$16300000.00 
The Smurfs 2,7/31/13,https://en.wikipedia.org/wiki/The_Smurfs_2,Aventura,Raja Gosnell,,Neil Patrick Harris,Jayma Mays,Hank Azaria,Tim Gunn,Brendan Gleeson,$105000000.00 ,$347500000.00 
The Spectacular Now,8/2/13,https://en.wikipedia.org/wiki/The_Spectacular_Now,Drama,James Ponsoldt,,Miles Teller,Shailene Woodley,Kaitlyn Dever,Brie Larson,Dayo Okeniyi,$2500000.00 ,$6900000.00 
The SpongeBob Movie: Sponge Out of Water,2/6/15,https://en.wikipedia.org/wiki/The_SpongeBob_Movie:_Sponge_Out_of_Water,Aventura,Paul Tibbitt,Jonathan Aibel,Paul Tibbitt (director),Jonathan Aibel,Glenn Berger(screenplay),Antonio Banderas,Tom Kenny,$74000000.00 ,$323400000.00 
The Sweet Escape,6/10/15,https://en.wikipedia.org/wiki/The_Sweet_Escape_(film),Comédia,Bruno Podalydès,,Bruno Podalydès,Sandrine Kiberlain,Agnès Jaoui,Vimala Pons,,$3800000.00 ,$3300000.00 
The Theory of Everything,9/7/14,https://en.wikipedia.org/wiki/The_Theory_of_Everything_(2014_film),Biografia,James Marsh,,Eddie Redmayne,Felicity Jones,,,,$15000000.00 ,$123700000.00 
The Three Stooges,4/13/12,https://en.wikipedia.org/wiki/The_Three_Stooges_(film),Comédia,Bobby Farrelly,Peter Farrelly,Chris Diamantopoulos,Sean Hayes,Will Sasso,Jane Lynch,Larry David,$30000000.00 ,$54800000.00 
The Transporter Refueled,9/4/15,https://en.wikipedia.org/wiki/The_Transporter_Refueled,Ação,Camille Delamarre,,Ed Skrein,Ray Stevenson,Loan Chabanol,Gabriella Wright,,$25000000.00 ,$72600000.00 
The Twilight Saga: Breaking Dawn – Part 2,11/16/12,https://en.wikipedia.org/wiki/The_Twilight_Saga:_Breaking_Dawn_%25E2%2580%2593_Part_2,Fantasia,Bill Condon,,Kristen Stewart,Robert Pattinson,Michael Sheen,Mackenzie Foy,Billy Burke,$120000000.00 ,$829700000.00 
The Vatican Tapes,7/25/15,https://en.wikipedia.org/wiki/The_Vatican_Tapes,Terror,Mark Neveldine,,Kathleen Robertson,Michael Peña,Djimon Hounsou,Dougray Scott,John Patrick Amedori,$13000000.00 ,$13500000.00 
The Visit,9/8/15,https://en.wikipedia.org/wiki/The_Visit_(2015_American_film),Terror,M. Night Shyamalan,,Kathryn Hahn,Ed Oxenbould,Deanna Dunagan,Peter McRobbie,Olivia DeJonge,$5000000.00 ,$98500000.00 
The Walk,9/30/15,https://en.wikipedia.org/wiki/The_Walk_(2015_film),Biografia,Robert Zemeckis,,Joseph Gordon-Levitt,Ben Kingsley,James Badge Dale,Charlotte Le Bon,,$45000000.00 ,$61200000.00 
The Watch,7/27/12,https://en.wikipedia.org/wiki/The_Watch_(2012_film),Comédia,Akiva Schaffer,,Ben Stiller,Vince Vaughn,Rosemarie DeWitt,Jonah Hill,Richard Ayoade,$68000000.00 ,$68300000.00 
The Water Diviner,12/26/14,https://en.wikipedia.org/wiki/The_Water_Diviner,Drama,Russell Crowe,,Cem Yılmaz,Miyavi,Yılmaz Erdoğan,,,$22500000.00 ,$30800000.00 
"The Way, Way Back",7/5/13,"https://en.wikipedia.org/wiki/The_Way,_Way_Back",Comédia,Nat Faxon,Jim Rash,Steve Carell,Toni Collette,Allison Janney,AnnaSophia Robb,Sam Rockwell,$5000000.00 ,$5000000.00 
The Wedding Ringer,1/16/15,https://en.wikipedia.org/wiki/The_Wedding_Ringer,Romance,Jeremy Garelick,,Kevin Hart,Josh Gad,Kaley Cuoco,Olivia Thirlby,Alan Ritchson,$23000000.00 ,$79800000.00 
The Witch,1/27/16,https://en.wikipedia.org/wiki/The_Witch_(2015_film),Terror,Robert Eggers,,Anya Taylor-Joy,Ralph Ineson,Kate Dickie,,,$3000000.00 ,$40400000.00 
The Wolverine,7/24/13,https://en.wikipedia.org/wiki/The_Wolverine_(film),Ação,James Mangold,,Hugh Jackman,Famke Janssen,Hiroyuki Sanada,Hal Yamanouchi,Tao Okamoto,$120000000.00 ,$414800000.00 
The Woman in Black,2/3/12,https://en.wikipedia.org/wiki/The_Woman_in_Black_(2012_film),Terror,James Watkins,,Daniel Radcliffe,Ciarán Hinds,Janet McTeer,Liz White,Alisa Khazanova,$15000000.00 ,$128500000.00 
The Woman in Black: Angel of Death,12/30/14,https://en.wikipedia.org/wiki/The_Woman_in_Black:_Angel_of_Death,Terror,Tom Harper,,Phoebe Fox,Jeremy Irvine,Helen McCrory,Adrian Rawlins,Oaklee Pendergast,$15000000.00 ,$48900000.00 
The World's End,7/19/13,https://en.wikipedia.org/wiki/The_World%2527s_End_(film),Comédia,Edgar Wright,,Simon Pegg,Nick Frost,Paddy Considine,Martin Freeman,Eddie Marsan,$20000000.00 ,$46100000.00 
The Young Messiah,3/11/16,https://en.wikipedia.org/wiki/The_Young_Messiah_(film),Drama,Cyrus Nowrasteh,,Adam Greaves-Neal,Sean Bean,,,,$18500000.00 ,$7200000.00 
Think Like a Man,4/20/12,https://en.wikipedia.org/wiki/Think_Like_a_Man,Comédia,Tim Story,,Kevin Hart,Michael Ealy,Taraji P. Henson,Jerry Ferrara,Meagan Good,$12000000.00 ,$96100000.00 
This Is the End,6/12/13,https://en.wikipedia.org/wiki/This_Is_the_End,Comédia,Evan Goldberg,Seth Rogen,Seth Rogen,Jay Baruchel,James Franco,Craig Robinson,Danny McBride,$32000000.00 ,$126000000.00 
This Is Where I Leave You,9/19/14,https://en.wikipedia.org/wiki/This_Is_Where_I_Leave_You,Comédia,Shawn Levy,,Jason Bateman,Tina Fey,Jane Fonda,Timothy Olyphant,Corey Stoll,$19800000.00 ,$41300000.00 
This Means War,2/17/12,https://en.wikipedia.org/wiki/This_Means_War_(film),Ação,McG,,Tom Hardy,Chris Pine,Reese Witherspoon,Chelsea Handler,Til Schweiger,$65000000.00 ,$156500000.00 
Top Five,9/6/14,https://en.wikipedia.org/wiki/Top_Five,Comédia,Chris Rock,,Chris Rock,Rosario Dawson,Genevieve Angelson,Rachel Feinstein,Dan Naturman,$12000000.00 ,$26100000.00 
Top Gun 3D,2/8/13,https://en.wikipedia.org/wiki/Top_Gun,Ação,Tony Scott,,Tom Cruise,Kelly McGillis,Val Kilmer,James Tolkan,Tom Skerritt,$15000000.00 ,$356800000.00 
Total Recall,8/3/12,https://en.wikipedia.org/wiki/Total_Recall_(2012_film),Ação,Len Wiseman,,Colin Farrell,Jessica Biel,Bryan Cranston,Kate Beckinsale,Bill Nighy,$125000000.00 ,$198500000.00 
Trance,3/27/13,https://en.wikipedia.org/wiki/Trance_(2013_film),Crime,Danny Boyle,,James McAvoy,Vincent Cassel,Rosario Dawson,Tuppence Middleton,Lee Nicholas Harris,$20000000.00 ,$24300000.00 
Transcendence,4/10/14,https://en.wikipedia.org/wiki/Transcendence_(2014_film),Ficção científica,Wally Pfister,,Johnny Depp,Paul Bettany,Rebecca Hall,Kate Mara,Morgan Freeman,$100000000.00 ,$103000000.00 
Triple 9,2/16/16,https://en.wikipedia.org/wiki/Triple_9,Crime,John Hillcoat,,Kate Winslet,Woody Harrelson,Gal Gadot,Anthony Mackie,Teresa Palmer,$20000000.00 ,$23400000.00 
Trouble with the Curve,9/21/12,https://en.wikipedia.org/wiki/Trouble_with_the_Curve,Drama,Robert Lorenz,,Clint Eastwood,Amy Adams,Matthew Lillard,Justin Timberlake,John Goodman,$60000000.00 ,$49000000.00 
Trumbo,9/12/15,https://en.wikipedia.org/wiki/Trumbo_(2015_film),Drama,Jay Roach,,Bryan Cranston,Diane Lane,Helen Mirren,John Goodman,Elle Fanning,$15000000.00 ,$8200000.00 
Truth,9/12/15,https://en.wikipedia.org/wiki/Truth_(2015_film),Drama,James Vanderbilt,,Robert Redford,Cate Blanchett,Dennis Quaid,Topher Grace,Elisabeth Moss,$9600000.00 ,$5400000.00 
Turbo,7/17/13,https://en.wikipedia.org/wiki/Turbo_(film),Comédia,David Soren,,Ryan Reynolds,Paul Giamatti,Michael Peña,Luis Guzmán,Bill Hader,$127000000.00 ,$282600000.00 
Tusk,9/6/14,https://en.wikipedia.org/wiki/Tusk_(2014_film),Terror,Kevin Smith,,Michael Parks,Justin Long,Haley Joel Osment,Génesis Rodríguez,Johnny Depp,$3000000.00 ,$1900000.00 
Unbroken,11/17/14,https://en.wikipedia.org/wiki/Unbroken_(film),Drama,Angelina Jolie,,Jack O'Connell,Miyavi,Domhnall Gleeson,Garrett Hedlund,Jai Courtney,$65000000.00 ,$163400000.00 
Unfinished Business,3/6/15,https://en.wikipedia.org/wiki/Unfinished_Business_(2015_film),Comédia,Ken Scott,,Vince Vaughn,Tom Wilkinson,Dave Franco,Sienna Miller,Nick Frost,$35000000.00 ,$14400000.00 
Unfriended,7/20/14,https://en.wikipedia.org/wiki/Unfriended,Terror,Levan Gabriadze,,Shelley Hennig,Renee Olstead,Jacob Wysocki,Will Peltz,,$1000000.00 ,$64100000.00 
Vacation,7/29/15,https://en.wikipedia.org/wiki/Vacation_(2015_film),Aventura,John Francis Daley,Jonathan Goldstein,Ed Helms,Christina Applegate,Leslie Mann,Chris Hemsworth,Charlie Day,$31000000.00 ,$104900000.00 
Vampire Academy,2/7/14,https://en.wikipedia.org/wiki/Vampire_Academy_(film),Ação,Mark Waters,,Zoey Deutch,Lucy Fry,Danila Kozlovsky,,,$30000000.00 ,$15400000.00 
Veronica Mars,3/14/14,https://en.wikipedia.org/wiki/Veronica_Mars_(film),Mistério,Rob Thomas,,Kristen Bell,Jason Dohring,Krysten Ritter,Ryan Hansen,Francis Capra,$6000000.00 ,$3500000.00 
Victor Frankenstein,11/25/15,https://en.wikipedia.org/wiki/Victor_Frankenstein_(film),Terror,Paul McGuigan,,Daniel Radcliffe,James McAvoy,Jessica Brown Findlay,Andrew Scott,,$40000000.00 ,$34200000.00 
Wanderlust,2/24/12,https://en.wikipedia.org/wiki/Wanderlust_(2012_film),Comédia,David Wain,,Paul Rudd,Jennifer Aniston,Malin Akerman,Justin Theroux,Ken Marino,$35000000.00 ,$24200000.00 
War Dogs,8/19/16,https://en.wikipedia.org/wiki/War_Dogs_(2016_film),Crime,Todd Phillips,,Jonah Hill,Miles Teller,Ana de Armas,J. B. Blanc,,$40000000.00 ,$42700000.00 
War Room,8/28/15,https://en.wikipedia.org/wiki/War_Room_(film),Drama,Alex Kendrick,,Alex Kendrick,Priscilla Shirer,T.C. Stallings,Beth Moore,Karen Abercrombie,$3000000.00 ,$73700000.00 
Warcraft,6/10/16,https://en.wikipedia.org/wiki/Warcraft_(film),Ação,Duncan Jones,,Ben Foster,Travis Fimmel,Paula Patton,Toby Kebbell,Dominic Cooper,$160000000.00 ,$433500000.00 
Warm Bodies,2/1/13,https://en.wikipedia.org/wiki/Warm_Bodies_(film),Comédia,Jonathan Levine,,Nicholas Hoult,Teresa Palmer,Rob Corddry,John Malkovich,Analeigh Tipton,$35000000.00 ,$117000000.00 
What Maisie Knew,5/3/13,https://en.wikipedia.org/wiki/What_Maisie_Knew_(film),Drama,Scott McGehee,David Siegel,Julianne Moore,Steve Coogan,Alexander Skarsgård,Joanna Vanderham,Onata Aprile,$5000000.00 ,$2700000.00 
What to Expect When You're Expecting,5/18/12,https://en.wikipedia.org/wiki/What_to_Expect_When_You%2527re_Expecting_(film),Comédia,Kirk Jones,,Cameron Diaz,Jennifer Lopez,Brooklyn Decker,Elizabeth Banks,Anna Kendrick,$40000000.00 ,$84400000.00 
When the Game Stands Tall,8/4/14,https://en.wikipedia.org/wiki/When_the_Game_Stands_Tall,Religioso,Thomas Carter,,Jim Caviezel,Laura Dern,Michael Chiklis,Alexander Ludwig,,$15000000.00 ,$30100000.00 
Whiplash,1/16/14,https://en.wikipedia.org/wiki/Whiplash_(2014_film),Drama,Damien Chazelle,,J. K. Simmons,Miles Teller,Paul Reiser,Melissa Benoist,,$3300000.00 ,$49000000.00 
Whiskey Tango Foxtrot,3/4/16,https://en.wikipedia.org/wiki/Whiskey_Tango_Foxtrot_(film),Drama,Glenn Ficarra,John Requa,Tina Fey,Margot Robbie,Martin Freeman,Billy Bob Thornton,Alfred Molina,$35000000.00 ,$24900000.00 
White House Down,6/28/13,https://en.wikipedia.org/wiki/White_House_Down,Ação,Roland Emmerich,,Channing Tatum,Jamie Foxx,Maggie Gyllenhaal,James Woods,Richard Jenkins,$150000000.00 ,$205000000.00 
Wild,8/29/14,https://en.wikipedia.org/wiki/Wild_(2014_film),Drama,Jean-Marc Vallée,,Reese Witherspoon,Gaby Hoffmann,Michiel Huisman,Charles Baker,,$15000000.00 ,$52500000.00 
Winter's Tale,2/13/14,https://en.wikipedia.org/wiki/Winter%2527s_Tale_(film),Drama,Akiva Goldsman,,Colin Farrell,Russell Crowe,Jessica Brown Findlay,Jennifer Connelly,Will Smith,$60000000.00 ,$31100000.00 
Wish I Was Here,1/18/14,https://en.wikipedia.org/wiki/Wish_I_Was_Here,Drama,Zach Braff,,Zach Braff,Kate Hudson,Jim Parsons,Mandy Patinkin,Ashley Greene,$6000000.00 ,$5500000.00 
Woman in Gold,4/1/15,https://en.wikipedia.org/wiki/Woman_in_Gold_(film),Drama,Simon Curtis,,Helen Mirren,Ryan Reynolds,Daniel Brühl,Katie Holmes,Tatiana Maslany,$11000000.00 ,$61600000.00 
Won't Back Down,9/28/12,https://en.wikipedia.org/wiki/Won%2527t_Back_Down_(film),Drama,Daniel Barnz,,Viola Davis,Maggie Gyllenhaal,Holly Hunter,Ving Rhames,Rosie Perez,$19000000.00 ,$5400000.00 
Woodlawn,10/16/15,https://en.wikipedia.org/wiki/Woodlawn_(film),Drama,The Erwin Brothers,,Sean Astin,Nic Bishop,Caleb Castille,Sherri Shepherd,Jon Voight,$13000000.00 ,$14400000.00 
World War Z,6/21/13,https://en.wikipedia.org/wiki/World_War_Z_(film),Ação,Marc Forster,,Brad Pitt,Mireille Enos,James Badge Dale,Daniella Kertesz,Matthew Fox,$190000000.00 ,$540000000.00 
Wrath of the Titans,3/30/12,https://en.wikipedia.org/wiki/Wrath_of_the_Titans,Ação,Jonathan Liebesman,,Sam Worthington,Liam Neeson,Ralph Fiennes,Edgar Ramirez,Rosamund Pike,$150000000.00 ,$305300000.00 
X-Men: Apocalypse,5/9/16,https://en.wikipedia.org/wiki/X-Men:_Apocalypse,Ação,Bryan Singer,,James McAvoy,Michael Fassbender,Jennifer Lawrence,Oscar Isaac,Nicholas Hoult,$178000000.00 ,$544600000.00 
X-Men: Days of Future Past,5/10/14,https://en.wikipedia.org/wiki/X-Men:_Days_of_Future_Past,Ação,Bryan Singer,,Hugh Jackman,James McAvoy,Michael Fassbender,Halle Berry,Jennifer Lawrence,$200000000.00 ,$747900000.00 
You're Next,8/23/13,https://en.wikipedia.org/wiki/You%2527re_Next,Terror,Adam Wingard,,Sharni Vinson,Joe Swanberg,AJ Bowen,Nicholas Tucci,Barbara Crampton,$1000000.00 ,$26800000.00 
Zero Dark Thirty,12/19/12,https://en.wikipedia.org/wiki/Zero_Dark_Thirty,Drama,Kathryn Bigelow,,Jessica Chastain,Chris Pratt,Joel Edgerton,Kyle Chandler,Jason Clarke,$40000000.00 ,$132800000.00 
Zhong Kui: Snow Girl and the Dark Crystal,2/19/15,https://en.wikipedia.org/wiki/Zhong_Kui:_Snow_Girl_and_the_Dark_Crystal,Romance,Peter Pau,,Li Bingbing,Chen Kun,Yang Zishan,Winston Chao,Bao Bei'er,$30000000.00 ,$64470000.00 
Zoolander 2,2/12/16,https://en.wikipedia.org/wiki/Zoolander_2,Comédia,Ben Stiller,,Ben Stiller,Owen Wilson,Christine Taylor,Will Ferrell,Penélope Cruz,$50000000.00 ,$56000000.00 
