Country,Year1,Enery use (kg of oil equivalent)
Afghanistan,2000,NA
Afghanistan,2001,NA
Afghanistan,2002,NA
Afghanistan,2003,NA
Afghanistan,2004,NA
Afghanistan,2005,NA
Afghanistan,2006,NA
Afghanistan,2007,NA
Afghanistan,2008,NA
Afghanistan,2009,NA
Afghanistan,2010,NA
Afghanistan,2011,NA
Afghanistan,2012,NA
Afghanistan,2013,NA
Afghanistan,2014,NA
Afghanistan,2015,NA
Albania,2000,580.4947642
Albania,2001,597.2652527
Albania,2002,660.0479841
Albania,2003,648.1683871
Albania,2004,715.4144831
Albania,2005,719.5843781
Albania,2006,706.8594077
Albania,2007,679.8617651
Albania,2008,710.7484985
Albania,2009,732.3166818
Albania,2010,729.1543727
Albania,2011,764.9686166
Albania,2012,687.8962599
Albania,2013,801.329975
Albania,2014,808.4558396
Albania,2015,NA
Algeria,2000,869.6098396
Algeria,2001,860.0413958
Algeria,2002,908.2973158
Algeria,2003,953.0582807
Algeria,2004,952.2679487
Algeria,2005,977.9540849
Algeria,2006,1031.919174
Algeria,2007,1078.183633
Algeria,2008,1073.205629
Algeria,2009,1153.664071
Algeria,2010,1114.217028
Algeria,2011,1140.642714
Algeria,2012,1229.547425
Algeria,2013,1247.495053
Algeria,2014,1327.535544
Algeria,2015,NA
American Samoa,2000,NA
American Samoa,2001,NA
American Samoa,2002,NA
American Samoa,2003,NA
American Samoa,2004,NA
American Samoa,2005,NA
American Samoa,2006,NA
American Samoa,2007,NA
American Samoa,2008,NA
American Samoa,2009,NA
American Samoa,2010,NA
American Samoa,2011,NA
American Samoa,2012,NA
American Samoa,2013,NA
American Samoa,2014,NA
American Samoa,2015,NA
Andorra,2000,NA
Andorra,2001,NA
Andorra,2002,NA
Andorra,2003,NA
Andorra,2004,NA
Andorra,2005,NA
Andorra,2006,NA
Andorra,2007,NA
Andorra,2008,NA
Andorra,2009,NA
Andorra,2010,NA
Andorra,2011,NA
Andorra,2012,NA
Andorra,2013,NA
Andorra,2014,NA
Andorra,2015,NA
Angola,2000,438.5500193
Angola,2001,442.9788396
Angola,2002,448.2617201
Angola,2003,467.6440593
Angola,2004,464.8078475
Angola,2005,433.5725307
Angola,2006,458.7941648
Angola,2007,471.6941772
Angola,2008,491.9786165
Angola,2009,515.2171193
Angola,2010,520.9623584
Angola,2011,521.7806814
Angola,2012,552.3636336
Angola,2013,533.7610097
Angola,2014,544.6093222
Angola,2015,NA
Antigua and Barbuda,2000,NA
Antigua and Barbuda,2001,NA
Antigua and Barbuda,2002,NA
Antigua and Barbuda,2003,NA
Antigua and Barbuda,2004,1680.442143
Antigua and Barbuda,2005,1681.703799
Antigua and Barbuda,2006,1729.057845
Antigua and Barbuda,2007,1737.557423
Antigua and Barbuda,2008,NA
Antigua and Barbuda,2009,NA
Antigua and Barbuda,2010,NA
Antigua and Barbuda,2011,NA
Antigua and Barbuda,2012,NA
Antigua and Barbuda,2013,NA
Antigua and Barbuda,2014,NA
Antigua and Barbuda,2015,NA
Argentina,2000,1669.526745
Argentina,2001,1570.897164
Argentina,2002,1510.313202
Argentina,2003,1598.789541
Argentina,2004,1728.214003
Argentina,2005,1720.673713
Argentina,2006,1853.041666
Argentina,2007,1858.392218
Argentina,2008,1937.641467
Argentina,2009,1865.337264
Argentina,2010,1928.652357
Argentina,2011,1952.051053
Argentina,2012,1936.80354
Argentina,2013,1967.021678
Argentina,2014,2029.922825
Argentina,2015,NA
Armenia,2000,656.308935
Armenia,2001,657.4732183
Armenia,2002,618.4547152
Armenia,2003,656.481657
Armenia,2004,698.0841265
Armenia,2005,842.6975224
Armenia,2006,864.8831916
Armenia,2007,972.7983665
Armenia,2008,1033.171827
Armenia,2009,903.7004361
Armenia,2010,863.0259627
Armenia,2011,944.0403708
Armenia,2012,1029.943531
Armenia,2013,1000.958385
Armenia,2014,1015.909886
Armenia,2015,NA
Aruba,2000,NA
Aruba,2001,NA
Aruba,2002,NA
Aruba,2003,NA
Aruba,2004,NA
Aruba,2005,NA
Aruba,2006,NA
Aruba,2007,NA
Aruba,2008,NA
Aruba,2009,NA
Aruba,2010,NA
Aruba,2011,NA
Aruba,2012,NA
Aruba,2013,NA
Aruba,2014,NA
Aruba,2015,NA
Australia,2000,5644.064951
Australia,2001,5446.973214
Australia,2002,5569.640992
Australia,2003,5568.764941
Australia,2004,5598.088178
Australia,2005,5564.087169
Australia,2006,5709.344668
Australia,2007,5868.347097
Australia,2008,5964.665776
Australia,2009,5862.551944
Australia,2010,5793.116026
Australia,2011,5745.23219
Australia,2012,5575.287093
Australia,2013,5468.391369
Australia,2014,5334.681679
Australia,2015,5483.816402
Austria,2000,3570.498826
Austria,2001,3758.457569
Austria,2002,3773.651728
Austria,2003,3973.624327
Austria,2004,4007.569904
Austria,2005,4085.567651
Austria,2006,4078.812226
Austria,2007,4019.59017
Austria,2008,4032.148426
Austria,2009,3798.151168
Austria,2010,4051.19602
Austria,2011,3921.900515
Austria,2012,3886.767732
Austria,2013,3919.044419
Austria,2014,3763.327903
Austria,2015,3800.29942
Azerbaijan,2000,1403.433268
Azerbaijan,2001,1410.965455
Azerbaijan,2002,1414.528111
Azerbaijan,2003,1476.590884
Azerbaijan,2004,1539.230121
Azerbaijan,2005,1599.960676
Azerbaijan,2006,1559.568746
Azerbaijan,2007,1411.55734
Azerbaijan,2008,1520.313919
Azerbaijan,2009,1334.166178
Azerbaijan,2010,1279.552594
Azerbaijan,2011,1369.350999
Azerbaijan,2012,1472.897391
Azerbaijan,2013,1474.003433
Azerbaijan,2014,1502.078168
Azerbaijan,2015,NA
Bahamas,2000,NA
Bahamas,2001,NA
Bahamas,2002,NA
Bahamas,2003,NA
Bahamas,2004,2082.196592
Bahamas,2005,2142.467963
Bahamas,2006,2132.717886
Bahamas,2007,2101.431878
Bahamas,2008,NA
Bahamas,2009,NA
Bahamas,2010,NA
Bahamas,2011,NA
Bahamas,2012,NA
Bahamas,2013,NA
Bahamas,2014,NA
Bahamas,2015,NA
Bahrain,2000,11988.77539
Bahrain,2001,11738.21331
Bahrain,2002,11548.58083
Bahrain,2003,11566.54484
Bahrain,2004,10895.01521
Bahrain,2005,11675.4592
Bahrain,2006,11604.20088
Bahrain,2007,11233.9179
Bahrain,2008,11318.25763
Bahrain,2009,10339.1909
Bahrain,2010,10207.86793
Bahrain,2011,9912.711409
Bahrain,2012,9659.604306
Bahrain,2013,10419.81584
Bahrain,2014,10596.55034
Bahrain,2015,NA
Bangladesh,2000,143.0538148
Bangladesh,2001,153.5600686
Bangladesh,2002,154.3926518
Bangladesh,2003,159.8949973
Bangladesh,2004,160.2451037
Bangladesh,2005,163.9427353
Bangladesh,2006,173.3027516
Bangladesh,2007,178.8510427
Bangladesh,2008,185.5821114
Bangladesh,2009,193.0731142
Bangladesh,2010,206.7611594
Bangladesh,2011,212.0573715
Bangladesh,2012,219.9696404
Bangladesh,2013,222.0566618
Bangladesh,2014,229.2464129
Bangladesh,2015,NA
Barbados,2000,NA
Barbados,2001,NA
Barbados,2002,NA
Barbados,2003,NA
Barbados,2004,1362.229552
Barbados,2005,1411.391741
Barbados,2006,1434.353118
Barbados,2007,1438.823107
Barbados,2008,NA
Barbados,2009,NA
Barbados,2010,NA
Barbados,2011,NA
Barbados,2012,NA
Barbados,2013,NA
Barbados,2014,NA
Barbados,2015,NA
Belarus,2000,2462.411056
Belarus,2001,2485.565111
Belarus,2002,2550.108823
Belarus,2003,2643.687513
Belarus,2004,2752.759003
Belarus,2005,2768.821539
Belarus,2006,2965.377967
Belarus,2007,2917.907033
Belarus,2008,2932.103273
Belarus,2009,2790.137339
Belarus,2010,2900.042284
Belarus,2011,3097.656624
Belarus,2012,3222.44927
Belarus,2013,2881.507357
Belarus,2014,2928.520216
Belarus,2015,NA
Belgium,2000,5669.358176
Belgium,2001,5634.215487
Belgium,2002,5390.719733
Belgium,2003,5590.025976
Belgium,2004,5592.98875
Belgium,2005,5555.615784
Belgium,2006,5470.491824
Belgium,2007,5336.963212
Belgium,2008,5454.667159
Belgium,2009,5196.581983
Belgium,2010,5539.472223
Belgium,2011,5092.316147
Belgium,2012,4845.488295
Belgium,2013,4997.463306
Belgium,2014,4708.221218
Belgium,2015,4687.787049
Belize,2000,NA
Belize,2001,NA
Belize,2002,NA
Belize,2003,NA
Belize,2004,560.5705523
Belize,2005,567.3009161
Belize,2006,590.3977977
Belize,2007,595.2679542
Belize,2008,NA
Belize,2009,NA
Belize,2010,NA
Belize,2011,NA
Belize,2012,NA
Belize,2013,NA
Belize,2014,NA
Belize,2015,NA
Benin,2000,288.7684459
Benin,2001,297.9547201
Benin,2002,310.0397319
Benin,2003,317.1983983
Benin,2004,321.355318
Benin,2005,313.1063081
Benin,2006,358.898499
Benin,2007,379.2277351
Benin,2008,376.8594656
Benin,2009,384.4470943
Benin,2010,397.1363346
Benin,2011,396.7712135
Benin,2012,399.6765218
Benin,2013,406.2482133
Benin,2014,416.790498
Benin,2015,NA
Bermuda,2000,NA
Bermuda,2001,NA
Bermuda,2002,NA
Bermuda,2003,NA
Bermuda,2004,NA
Bermuda,2005,NA
Bermuda,2006,NA
Bermuda,2007,NA
Bermuda,2008,NA
Bermuda,2009,NA
Bermuda,2010,NA
Bermuda,2011,NA
Bermuda,2012,NA
Bermuda,2013,NA
Bermuda,2014,NA
Bermuda,2015,NA
Bhutan,2000,NA
Bhutan,2001,NA
Bhutan,2002,NA
Bhutan,2003,NA
Bhutan,2004,281.7717179
Bhutan,2005,314.4561989
Bhutan,2006,320.9564807
Bhutan,2007,366.9857237
Bhutan,2008,NA
Bhutan,2009,NA
Bhutan,2010,NA
Bhutan,2011,NA
Bhutan,2012,NA
Bhutan,2013,NA
Bhutan,2014,NA
Bhutan,2015,NA
"Bolivia, Plurinational State of",2000,582.6752404
"Bolivia, Plurinational State of",2001,444.8023859
"Bolivia, Plurinational State of",2002,523.3250988
"Bolivia, Plurinational State of",2003,534.1186323
"Bolivia, Plurinational State of",2004,525.1459388
"Bolivia, Plurinational State of",2005,562.6296399
"Bolivia, Plurinational State of",2006,691.9551238
"Bolivia, Plurinational State of",2007,554.1492706
"Bolivia, Plurinational State of",2008,579.4806003
"Bolivia, Plurinational State of",2009,593.6417812
"Bolivia, Plurinational State of",2010,636.138304
"Bolivia, Plurinational State of",2011,660.9912274
"Bolivia, Plurinational State of",2012,747.8691761
"Bolivia, Plurinational State of",2013,740.169863
"Bolivia, Plurinational State of",2014,778.1687546
"Bolivia, Plurinational State of",2015,NA
Bosnia and Herzegovina,2000,1158.63132
Bosnia and Herzegovina,2001,1118.389716
Bosnia and Herzegovina,2002,1172.064754
Bosnia and Herzegovina,2003,1169.273449
Bosnia and Herzegovina,2004,1277.606308
Bosnia and Herzegovina,2005,1338.521633
Bosnia and Herzegovina,2006,1407.555962
Bosnia and Herzegovina,2007,1409.616704
Bosnia and Herzegovina,2008,1587.934915
Bosnia and Herzegovina,2009,1664.232651
Bosnia and Herzegovina,2010,1749.123189
Bosnia and Herzegovina,2011,1951.710038
Bosnia and Herzegovina,2012,1854.11343
Bosnia and Herzegovina,2013,1821.824335
Bosnia and Herzegovina,2014,2246.919678
Bosnia and Herzegovina,2015,NA
Botswana,2000,1092.485764
Botswana,2001,1084.602533
Botswana,2002,1082.372134
Botswana,2003,1060.371956
Botswana,2004,1024.381955
Botswana,2005,1037.420834
Botswana,2006,1050.64415
Botswana,2007,1062.92273
Botswana,2008,1101.246634
Botswana,2009,1007.294607
Botswana,2010,1083.912023
Botswana,2011,1026.729159
Botswana,2012,1150.639038
Botswana,2013,1203.324936
Botswana,2014,1300.63669
Botswana,2015,NA
Brazil,2000,1072.379538
Brazil,2001,1076.275474
Brazil,2002,1090.349867
Brazil,2003,1094.42467
Brazil,2004,1141.491098
Brazil,2005,1156.907568
Brazil,2006,1184.145102
Brazil,2007,1238.411641
Brazil,2008,1294.480833
Brazil,2009,1240.177285
Brazil,2010,1358.502416
Brazil,2011,1367.188098
Brazil,2012,1413.733357
Brazil,2013,1461.076781
Brazil,2014,1495.541207
Brazil,2015,NA
"Virgin Islands, British",2000,NA
"Virgin Islands, British",2001,NA
"Virgin Islands, British",2002,NA
"Virgin Islands, British",2003,NA
"Virgin Islands, British",2004,NA
"Virgin Islands, British",2005,NA
"Virgin Islands, British",2006,NA
"Virgin Islands, British",2007,NA
"Virgin Islands, British",2008,NA
"Virgin Islands, British",2009,NA
"Virgin Islands, British",2010,NA
"Virgin Islands, British",2011,NA
"Virgin Islands, British",2012,NA
"Virgin Islands, British",2013,NA
"Virgin Islands, British",2014,NA
"Virgin Islands, British",2015,NA
Brunei Darussalam,2000,7157.132352
Brunei Darussalam,2001,6492.724257
Brunei Darussalam,2002,6221.159114
Brunei Darussalam,2003,7090.248038
Brunei Darussalam,2004,6389.813957
Brunei Darussalam,2005,6074.568491
Brunei Darussalam,2006,8511.574205
Brunei Darussalam,2007,8606.765965
Brunei Darussalam,2008,9337.042494
Brunei Darussalam,2009,7925.914156
Brunei Darussalam,2010,8337.49479
Brunei Darussalam,2011,9837.44742
Brunei Darussalam,2012,9599.377426
Brunei Darussalam,2013,7522.255274
Brunei Darussalam,2014,8673.088984
Brunei Darussalam,2015,NA
Bulgaria,2000,2277.367967
Bulgaria,2001,2421.145361
Bulgaria,2002,2410.969355
Bulgaria,2003,2490.416673
Bulgaria,2004,2440.69816
Bulgaria,2005,2597.896167
Bulgaria,2006,2691.460438
Bulgaria,2007,2666.111445
Bulgaria,2008,2648.867056
Bulgaria,2009,2351.655053
Bulgaria,2010,2416.703907
Bulgaria,2011,2617.127869
Bulgaria,2012,2513.352381
Bulgaria,2013,2329.122801
Bulgaria,2014,2477.655401
Bulgaria,2015,NA
Burkina Faso,2000,NA
Burkina Faso,2001,NA
Burkina Faso,2002,NA
Burkina Faso,2003,NA
Burkina Faso,2004,NA
Burkina Faso,2005,NA
Burkina Faso,2006,NA
Burkina Faso,2007,NA
Burkina Faso,2008,NA
Burkina Faso,2009,NA
Burkina Faso,2010,NA
Burkina Faso,2011,NA
Burkina Faso,2012,NA
Burkina Faso,2013,NA
Burkina Faso,2014,NA
Burkina Faso,2015,NA
Burundi,2000,NA
Burundi,2001,NA
Burundi,2002,NA
Burundi,2003,NA
Burundi,2004,NA
Burundi,2005,NA
Burundi,2006,NA
Burundi,2007,NA
Burundi,2008,NA
Burundi,2009,NA
Burundi,2010,NA
Burundi,2011,NA
Burundi,2012,NA
Burundi,2013,NA
Burundi,2014,NA
Burundi,2015,NA
Cape Verde,2000,NA
Cape Verde,2001,NA
Cape Verde,2002,NA
Cape Verde,2003,NA
Cape Verde,2004,194.9117094
Cape Verde,2005,213.8081169
Cape Verde,2006,217.4052049
Cape Verde,2007,216.8147181
Cape Verde,2008,NA
Cape Verde,2009,NA
Cape Verde,2010,NA
Cape Verde,2011,NA
Cape Verde,2012,NA
Cape Verde,2013,NA
Cape Verde,2014,NA
Cape Verde,2015,NA
Cambodia,2000,280.7322834
Cambodia,2001,276.5047308
Cambodia,2002,316.0732939
Cambodia,2003,320.0654814
Cambodia,2004,259.3862963
Cambodia,2005,258.8576331
Cambodia,2006,254.4461377
Cambodia,2007,254.2458817
Cambodia,2008,251.2753322
Cambodia,2009,360.4949451
Cambodia,2010,370.2598872
Cambodia,2011,381.2422622
Cambodia,2012,390.7904317
Cambodia,2013,396.9135648
Cambodia,2014,416.8383089
Cambodia,2015,NA
Cameroon,2000,406.708803
Cameroon,2001,400.7898218
Cameroon,2002,399.5311782
Cameroon,2003,404.798622
Cameroon,2004,406.3219865
Cameroon,2005,397.8108553
Cameroon,2006,368.9174312
Cameroon,2007,338.4741351
Cameroon,2008,332.1719704
Cameroon,2009,349.3707074
Cameroon,2010,342.4963108
Cameroon,2011,321.1590161
Cameroon,2012,322.2788585
Cameroon,2013,329.5873435
Cameroon,2014,335.2015077
Cameroon,2015,NA
Canada,2000,8265.079925
Canada,2001,8056.349425
Canada,2002,7993.879384
Canada,2003,8341.343144
Canada,2004,8455.547014
Canada,2005,8422.034308
Canada,2006,8239.946371
Canada,2007,8213.389543
Canada,2008,8194.880771
Canada,2009,7797.121136
Canada,2010,7788.560786
Canada,2011,7911.554588
Canada,2012,7733.411655
Canada,2013,7743.725742
Canada,2014,7897.855615
Canada,2015,7631.34157
Cayman Islands,2000,NA
Cayman Islands,2001,NA
Cayman Islands,2002,NA
Cayman Islands,2003,NA
Cayman Islands,2004,NA
Cayman Islands,2005,NA
Cayman Islands,2006,NA
Cayman Islands,2007,NA
Cayman Islands,2008,NA
Cayman Islands,2009,NA
Cayman Islands,2010,NA
Cayman Islands,2011,NA
Cayman Islands,2012,NA
Cayman Islands,2013,NA
Cayman Islands,2014,NA
Cayman Islands,2015,NA
Central African Republic,2000,NA
Central African Republic,2001,NA
Central African Republic,2002,NA
Central African Republic,2003,NA
Central African Republic,2004,NA
Central African Republic,2005,NA
Central African Republic,2006,NA
Central African Republic,2007,NA
Central African Republic,2008,NA
Central African Republic,2009,NA
Central African Republic,2010,NA
Central African Republic,2011,NA
Central African Republic,2012,NA
Central African Republic,2013,NA
Central African Republic,2014,NA
Central African Republic,2015,NA
Chad,2000,NA
Chad,2001,NA
Chad,2002,NA
Chad,2003,NA
Chad,2004,NA
Chad,2005,NA
Chad,2006,NA
Chad,2007,NA
Chad,2008,NA
Chad,2009,NA
Chad,2010,NA
Chad,2011,NA
Chad,2012,NA
Chad,2013,NA
Chad,2014,NA
Chad,2015,NA
Channel Islands,2000,NA
Channel Islands,2001,NA
Channel Islands,2002,NA
Channel Islands,2003,NA
Channel Islands,2004,NA
Channel Islands,2005,NA
Channel Islands,2006,NA
Channel Islands,2007,NA
Channel Islands,2008,NA
Channel Islands,2009,NA
Channel Islands,2010,NA
Channel Islands,2011,NA
Channel Islands,2012,NA
Channel Islands,2013,NA
Channel Islands,2014,NA
Channel Islands,2015,NA
Chile,2000,1640.410373
Chile,2001,1591.725518
Chile,2002,1630.125241
Chile,2003,1629.899824
Chile,2004,1717.859495
Chile,2005,1752.727616
Chile,2006,1805.221118
Chile,2007,1852.505249
Chile,2008,1815.207845
Chile,2009,1748.328486
Chile,2010,1807.915658
Chile,2011,1950.23836
Chile,2012,2138.299368
Chile,2013,2202.11522
Chile,2014,2032.934757
Chile,2015,2005.551062
China,2000,898.9873131
China,2001,928.8114337
China,2002,984.8107146
China,2003,1118.431773
China,2004,1268.132904
China,2005,1393.691324
China,2006,1515.173678
China,2007,1630.171029
China,2008,1672.90412
China,2009,1778.433519
China,2010,1954.722556
China,2011,2086.486904
China,2012,2155.164788
China,2013,2213.759327
China,2014,2236.729908
China,2015,NA
Colombia,2000,651.3635831
Colombia,2001,638.598671
Colombia,2002,616.6066097
Colombia,2003,620.3289799
Colombia,2004,617.8999677
Colombia,2005,635.0563175
Colombia,2006,658.9185258
Colombia,2007,646.7975362
Colombia,2008,669.2489829
Colombia,2009,686.1075296
Colombia,2010,689.9796936
Colombia,2011,684.402386
Colombia,2012,684.6351032
Colombia,2013,723.8148163
Colombia,2014,724.0702793
Colombia,2015,NA
Comoros,2000,NA
Comoros,2001,NA
Comoros,2002,NA
Comoros,2003,NA
Comoros,2004,56.9296818
Comoros,2005,60.49438628
Comoros,2006,67.04713254
Comoros,2007,63.90075122
Comoros,2008,NA
Comoros,2009,NA
Comoros,2010,NA
Comoros,2011,NA
Comoros,2012,NA
Comoros,2013,NA
Comoros,2014,NA
Comoros,2015,NA
"Congo, the Democratic Republic of the",2000,295.2242256
"Congo, the Democratic Republic of the",2001,296.8030528
"Congo, the Democratic Republic of the",2002,298.2286776
"Congo, the Democratic Republic of the",2003,300.0030335
"Congo, the Democratic Republic of the",2004,302.3029881
"Congo, the Democratic Republic of the",2005,304.1560162
"Congo, the Democratic Republic of the",2006,305.6769538
"Congo, the Democratic Republic of the",2007,306.6367264
"Congo, the Democratic Republic of the",2008,307.6549802
"Congo, the Democratic Republic of the",2009,306.5489534
"Congo, the Democratic Republic of the",2010,307.4199536
"Congo, the Democratic Republic of the",2011,315.7665596
"Congo, the Democratic Republic of the",2012,378.9170668
"Congo, the Democratic Republic of the",2013,385.1692055
"Congo, the Democratic Republic of the",2014,389.3319231
"Congo, the Democratic Republic of the",2015,NA
Congo,2000,226.9839174
Congo,2001,247.2848254
Congo,2002,242.134832
Congo,2003,277.6529665
Congo,2004,286.1379167
Congo,2005,299.9860604
Congo,2006,378.7737231
Congo,2007,325.0534878
Congo,2008,336.0904164
Congo,2009,371.3707585
Congo,2010,392.3676993
Congo,2011,508.0369178
Congo,2012,567.3611225
Congo,2013,567.8604193
Congo,2014,554.8084072
Congo,2015,NA
Costa Rica,2000,725.2181269
Costa Rica,2001,716.5840289
Costa Rica,2002,741.5917141
Costa Rica,2003,783.8896383
Costa Rica,2004,915.2341157
Costa Rica,2005,902.0485815
Costa Rica,2006,962.5568301
Costa Rica,2007,1023.571571
Costa Rica,2008,1027.498894
Costa Rica,2009,1008.884386
Costa Rica,2010,1015.012743
Costa Rica,2011,1004.728598
Costa Rica,2012,1009.457765
Costa Rica,2013,1021.262489
Costa Rica,2014,1023.008944
Costa Rica,2015,NA
Côte d'Ivoire,2000,412.6449102
Côte d'Ivoire,2001,387.471603
Côte d'Ivoire,2002,405.0570294
Côte d'Ivoire,2003,374.9154669
Côte d'Ivoire,2004,517.4602323
Côte d'Ivoire,2005,524.0361581
Côte d'Ivoire,2006,504.3240396
Côte d'Ivoire,2007,531.0260887
Côte d'Ivoire,2008,521.9083925
Côte d'Ivoire,2009,467.4630482
Côte d'Ivoire,2010,494.9525519
Côte d'Ivoire,2011,554.0660589
Côte d'Ivoire,2012,586.274506
Côte d'Ivoire,2013,612.5489502
Côte d'Ivoire,2014,612.640154
Côte d'Ivoire,2015,NA
Croatia,2000,1876.805775
Croatia,2001,2024.546927
Croatia,2002,2081.59828
Croatia,2003,2232.493431
Croatia,2004,2230.90322
Croatia,2005,2261.483778
Croatia,2006,2248.380076
Croatia,2007,2338.447693
Croatia,2008,2280.070678
Croatia,2009,2207.103023
Croatia,2010,2185.446988
Croatia,2011,2140.436133
Croatia,2012,2020.752383
Croatia,2013,1983.867947
Croatia,2014,1897.840665
Croatia,2015,NA
Cuba,2000,1144.784715
Cuba,2001,1114.664951
Cuba,2002,1035.417621
Cuba,2003,1027.57075
Cuba,2004,1002.436543
Cuba,2005,947.4352715
Cuba,2006,945.9763252
Cuba,2007,901.335529
Cuba,2008,958.2083998
Cuba,2009,1016.655193
Cuba,2010,1099.502825
Cuba,2011,1032.819599
Cuba,2012,1065.343644
Cuba,2013,1022.160525
Cuba,2014,1034.686071
Cuba,2015,NA
Curaçao,2000,15720.11056
Curaçao,2001,16994.13392
Curaçao,2002,16662.99292
Curaçao,2003,15566.69219
Curaçao,2004,16180823
Curaçao,2005,15178.82724
Curaçao,2006,14581.1072
Curaçao,2007,16222.45516
Curaçao,2008,15326.48752
Curaçao,2009,15608494
Curaçao,2010,13710.07982
Curaçao,2011,16064.05182
Curaçao,2012,13395.36979
Curaçao,2013,11727.50972
Curaçao,2014,12650.86044
Curaçao,2015,NA
Cyprus,2000,2265.407245
Cyprus,2001,2201.695138
Cyprus,2002,2193.681651
Cyprus,2003,2346.799347
Cyprus,2004,2161.637675
Cyprus,2005,2159.594302
Cyprus,2006,2207.928785
Cyprus,2007,2292.2245
Cyprus,2008,2388.589477
Cyprus,2009,2299.796099
Cyprus,2010,2195.337638
Cyprus,2011,2105.256514
Cyprus,2012,1961.81212
Cyprus,2013,1687.829693
Cyprus,2014,1712.159752
Cyprus,2015,NA
Czech Republic,2000,3988.038494
Czech Republic,2001,4111.152482
Czech Republic,2002,4163.450106
Czech Republic,2003,4357.572662
Czech Republic,2004,4460.259931
Czech Republic,2005,4400.878113
Czech Republic,2006,4491.516134
Czech Republic,2007,4468.960352
Czech Republic,2008,4330.712691
Czech Republic,2009,4034.74351
Czech Republic,2010,4237.896741
Czech Republic,2011,4077.356059
Czech Republic,2012,4054.085018
Czech Republic,2013,3989.991414
Czech Republic,2014,3915.113582
Czech Republic,2015,3860.002964
Denmark,2000,3489.614796
Denmark,2001,3583.955723
Denmark,2002,3535.098014
Denmark,2003,3727.834179
Denmark,2004,3597.17296
Denmark,2005,3487.631914
Denmark,2006,3728.171039
Denmark,2007,3622.596833
Denmark,2008,3501.513847
Denmark,2009,3329.211067
Denmark,2010,3510.79685
Denmark,2011,3230.188031
Denmark,2012,3091.58158
Denmark,2013,3125.33776
Denmark,2014,2872.573547
Denmark,2015,2816.614565
Djibouti,2000,NA
Djibouti,2001,NA
Djibouti,2002,NA
Djibouti,2003,NA
Djibouti,2004,172.368433
Djibouti,2005,177.4647815
Djibouti,2006,179.9731425
Djibouti,2007,177.5402849
Djibouti,2008,NA
Djibouti,2009,NA
Djibouti,2010,NA
Djibouti,2011,NA
Djibouti,2012,NA
Djibouti,2013,NA
Djibouti,2014,NA
Djibouti,2015,NA
Dominica,2000,NA
Dominica,2001,NA
Dominica,2002,NA
Dominica,2003,NA
Dominica,2004,554.1189509
Dominica,2005,580.827041
Dominica,2006,593.9081988
Dominica,2007,607.3875274
Dominica,2008,NA
Dominica,2009,NA
Dominica,2010,NA
Dominica,2011,NA
Dominica,2012,NA
Dominica,2013,NA
Dominica,2014,NA
Dominica,2015,NA
Dominican Republic,2000,852.25008
Dominican Republic,2001,814.3059551
Dominican Republic,2002,851.6183714
Dominican Republic,2003,794.6209158
Dominican Republic,2004,708.7403966
Dominican Republic,2005,760.0917507
Dominican Republic,2006,776.5663132
Dominican Republic,2007,779.6497881
Dominican Republic,2008,771.974424
Dominican Republic,2009,748.1899106
Dominican Republic,2010,776.6888108
Dominican Republic,2011,781.4702834
Dominican Republic,2012,815.3907532
Dominican Republic,2013,759.6939519
Dominican Republic,2014,751.795394
Dominican Republic,2015,NA
Ecuador,2000,695.1847246
Ecuador,2001,724.3707484
Ecuador,2002,694.6010812
Ecuador,2003,693.0039751
Ecuador,2004,658.1121398
Ecuador,2005,675.3670137
Ecuador,2006,667.1038361
Ecuador,2007,742.1890459
Ecuador,2008,672.4827682
Ecuador,2009,788.0824322
Ecuador,2010,784.051913
Ecuador,2011,817.5844698
Ecuador,2012,795.1427488
Ecuador,2013,843.978287
Ecuador,2014,888.9648955
Ecuador,2015,NA
Egypt,2000,589.6677834
Egypt,2001,649.7416256
Egypt,2002,657.7509927
Egypt,2003,670.2501028
Egypt,2004,711.3467221
Egypt,2005,813.999296
Egypt,2006,844.987613
Egypt,2007,889.3894434
Egypt,2008,907.5952747
Egypt,2009,911.4885946
Egypt,2010,876.5421758
Egypt,2011,900.6603986
Egypt,2012,905.5866059
Egypt,2013,848.6291444
Egypt,2014,827.4971669
Egypt,2015,NA
El Salvador,2000,673.7734581
El Salvador,2001,700.2616498
El Salvador,2002,709.7409385
El Salvador,2003,736.94749
El Salvador,2004,727.3424055
El Salvador,2005,744.7953388
El Salvador,2006,778.7093757
El Salvador,2007,733.4908882
El Salvador,2008,733.5005065
El Salvador,2009,684.1216002
El Salvador,2010,687.2839441
El Salvador,2011,690.9413116
El Salvador,2012,677.3283351
El Salvador,2013,636.5734823
El Salvador,2014,645.8763031
El Salvador,2015,NA
Equatorial Guinea,2000,NA
Equatorial Guinea,2001,NA
Equatorial Guinea,2002,NA
Equatorial Guinea,2003,NA
Equatorial Guinea,2004,1062.837106
Equatorial Guinea,2005,1666.366481
Equatorial Guinea,2006,1915.87975
Equatorial Guinea,2007,2140.717816
Equatorial Guinea,2008,NA
Equatorial Guinea,2009,NA
Equatorial Guinea,2010,NA
Equatorial Guinea,2011,NA
Equatorial Guinea,2012,NA
Equatorial Guinea,2013,NA
Equatorial Guinea,2014,NA
Equatorial Guinea,2015,NA
Eritrea,2000,308.7969199
Eritrea,2001,312.3426658
Eritrea,2002,301.655181
Eritrea,2003,308.1477586
Eritrea,2004,273.3911243
Eritrea,2005,269.5613443
Eritrea,2006,237.870883
Eritrea,2007,239.2445811
Eritrea,2008,220.20851
Eritrea,2009,231.3530475
Eritrea,2010,233.6597344
Eritrea,2011,236.3440005
Eritrea,2012,NA
Eritrea,2013,NA
Eritrea,2014,NA
Eritrea,2015,NA
Estonia,2000,3374.70839
Estonia,2001,3541.512051
Estonia,2002,3415.780621
Estonia,2003,3798.038257
Estonia,2004,3893.395472
Estonia,2005,3846.392943
Estonia,2006,3775.035083
Estonia,2007,4243648
Estonia,2008,4105.417736
Estonia,2009,3648.978843
Estonia,2010,4222.73719
Estonia,2011,4237.729191
Estonia,2012,4174.387766
Estonia,2013,4623.279112
Estonia,2014,4592.616457
Estonia,2015,4173.326583
Ethiopia,2000,478.4932546
Ethiopia,2001,482.4053895
Ethiopia,2002,482.6886042
Ethiopia,2003,484.0447321
Ethiopia,2004,484.6298477
Ethiopia,2005,482.9057294
Ethiopia,2006,483.9403013
Ethiopia,2007,485.5969831
Ethiopia,2008,486.7608738
Ethiopia,2009,486.7319303
Ethiopia,2010,486.6902958
Ethiopia,2011,489.1756569
Ethiopia,2012,489.1939261
Ethiopia,2013,492.145208
Ethiopia,2014,493.1301633
Ethiopia,2015,NA
Faroe Islands,2000,NA
Faroe Islands,2001,NA
Faroe Islands,2002,NA
Faroe Islands,2003,NA
Faroe Islands,2004,NA
Faroe Islands,2005,NA
Faroe Islands,2006,NA
Faroe Islands,2007,NA
Faroe Islands,2008,NA
Faroe Islands,2009,NA
Faroe Islands,2010,NA
Faroe Islands,2011,NA
Faroe Islands,2012,NA
Faroe Islands,2013,NA
Faroe Islands,2014,NA
Faroe Islands,2015,NA
Fiji,2000,NA
Fiji,2001,NA
Fiji,2002,NA
Fiji,2003,NA
Fiji,2004,814.3202993
Fiji,2005,703.5019304
Fiji,2006,675.2267868
Fiji,2007,626.6518375
Fiji,2008,NA
Fiji,2009,NA
Fiji,2010,NA
Fiji,2011,NA
Fiji,2012,NA
Fiji,2013,NA
Fiji,2014,NA
Fiji,2015,NA
Finland,2000,6262.192079
Finland,2001,6410.625234
Finland,2002,6728.581405
Finland,2003,7077.026649
Finland,2004,7134.854209
Finland,2005,6562.022311
Finland,2006,7111.856822
Finland,2007,6974.896761
Finland,2008,6669.173348
Finland,2009,6268.300545
Finland,2010,6828.783753
Finland,2011,6537.637298
Finland,2012,6275.770964
Finland,2013,6116.227294
Finland,2014,6213.357766
Finland,2015,5924.700125
France,2000,4135.477644
France,2001,4246.004942
France,2002,4225.467969
France,2003,4270.949456
France,2004,4301.737225
France,2005,4287.157413
France,2006,4188.84293
France,2007,4115.527368
France,2008,4110.585659
France,2009,3913.457639
France,2010,4016.847947
France,2011,3847.072729
France,2012,3836.656592
France,2013,3833.534143
France,2014,3659.087795
France,2015,3692.017833
French Polynesia,2000,NA
French Polynesia,2001,NA
French Polynesia,2002,NA
French Polynesia,2003,NA
French Polynesia,2004,NA
French Polynesia,2005,NA
French Polynesia,2006,NA
French Polynesia,2007,NA
French Polynesia,2008,NA
French Polynesia,2009,NA
French Polynesia,2010,NA
French Polynesia,2011,NA
French Polynesia,2012,NA
French Polynesia,2013,NA
French Polynesia,2014,NA
French Polynesia,2015,NA
Gabon,2000,1197.22964
Gabon,2001,1254.899233
Gabon,2002,1479.211218
Gabon,2003,1697.323314
Gabon,2004,1920.583249
Gabon,2005,2160.072029
Gabon,2006,2362.398542
Gabon,2007,2555.471877
Gabon,2008,2723.343475
Gabon,2009,2883.595678
Gabon,2010,3129.078774
Gabon,2011,2429.215824
Gabon,2012,2072.638342
Gabon,2013,2913.863575
Gabon,2014,2694.207453
Gabon,2015,NA
Gambia,2000,NA
Gambia,2001,NA
Gambia,2002,NA
Gambia,2003,NA
Gambia,2004,72.16709087
Gambia,2005,69.95992203
Gambia,2006,71.63301277
Gambia,2007,81.10507803
Gambia,2008,NA
Gambia,2009,NA
Gambia,2010,NA
Gambia,2011,NA
Gambia,2012,NA
Gambia,2013,NA
Gambia,2014,NA
Gambia,2015,NA
Georgia,2000,703.7218083
Georgia,2001,640.3012376
Georgia,2002,639.4192305
Georgia,2003,684.5821684
Georgia,2004,707.9865762
Georgia,2005,727.880734
Georgia,2006,781.2476565
Georgia,2007,865.5928073
Georgia,2008,780.7194535
Georgia,2009,811.5319791
Georgia,2010,824.5430382
Georgia,2011,943.5439023
Georgia,2012,993.7399333
Georgia,2013,1048.341057
Georgia,2014,1180.272753
Georgia,2015,NA
Germany,2000,4094.06036
Germany,2001,4209.796087
Germany,2002,4108.401299
Germany,2003,4084.503346
Germany,2004,4114.389928
Germany,2005,4086.503407
Germany,2006,4204.654689
Germany,2007,3985.811955
Germany,2008,4036.830781
Germany,2009,3790.501152
Germany,2010,3997.079421
Germany,2011,3869.816229
Germany,2012,3876.948104
Germany,2013,3939.529563
Germany,2014,3779.461921
Germany,2015,3817.549415
Ghana,2000,325.5569729
Ghana,2001,319.7178225
Ghana,2002,310.1038156
Ghana,2003,286.2929349
Ghana,2004,279.1034623
Ghana,2005,269.7821491
Ghana,2006,280.1682198
Ghana,2007,273.0545526
Ghana,2008,266.1197832
Ghana,2009,280.9764122
Ghana,2010,298.9123441
Ghana,2011,311.4303338
Ghana,2012,329.158417
Ghana,2013,336.4679215
Ghana,2014,331.8272252
Ghana,2015,NA
Gibraltar,2000,4113.942787
Gibraltar,2001,4141.731536
Gibraltar,2002,4138.651797
Gibraltar,2003,4171.064353
Gibraltar,2004,4435.860058
Gibraltar,2005,4544.507661
Gibraltar,2006,4697.579077
Gibraltar,2007,4679.86395
Gibraltar,2008,4759.408802
Gibraltar,2009,5123.46194
Gibraltar,2010,5150.692273
Gibraltar,2011,4996.072831
Gibraltar,2012,5108.274386
Gibraltar,2013,5456.488187
Gibraltar,2014,5812.453669
Gibraltar,2015,NA
Greece,2000,2506.639948
Greece,2001,2578.112105
Greece,2002,2597.748289
Greece,2003,2666.453637
Greece,2004,2711.46679
Greece,2005,2753.051201
Greece,2006,2742.629961
Greece,2007,2734.755835
Greece,2008,2745.493459
Greece,2009,2649.661201
Greece,2010,2482.110116
Greece,2011,2407.762736
Greece,2012,2403.230472
Greece,2013,2128.010669
Greece,2014,2123.897891
Greece,2015,2182.071093
Greenland,2000,NA
Greenland,2001,NA
Greenland,2002,NA
Greenland,2003,NA
Greenland,2004,NA
Greenland,2005,NA
Greenland,2006,NA
Greenland,2007,NA
Greenland,2008,NA
Greenland,2009,NA
Greenland,2010,NA
Greenland,2011,NA
Greenland,2012,NA
Greenland,2013,NA
Greenland,2014,NA
Greenland,2015,NA
Grenada,2000,NA
Grenada,2001,NA
Grenada,2002,NA
Grenada,2003,NA
Grenada,2004,709.1722809
Grenada,2005,754.817936
Grenada,2006,771.9211306
Grenada,2007,770.0351744
Grenada,2008,NA
Grenada,2009,NA
Grenada,2010,NA
Grenada,2011,NA
Grenada,2012,NA
Grenada,2013,NA
Grenada,2014,NA
Grenada,2015,NA
Guam,2000,NA
Guam,2001,NA
Guam,2002,NA
Guam,2003,NA
Guam,2004,NA
Guam,2005,NA
Guam,2006,NA
Guam,2007,NA
Guam,2008,NA
Guam,2009,NA
Guam,2010,NA
Guam,2011,NA
Guam,2012,NA
Guam,2013,NA
Guam,2014,NA
Guam,2015,NA
Guatemala,2000,607.4955299
Guatemala,2001,605.5050029
Guatemala,2002,596.5398034
Guatemala,2003,606.7471081
Guatemala,2004,611.736235
Guatemala,2005,602.3859363
Guatemala,2006,599.5329716
Guatemala,2007,631.5676533
Guatemala,2008,593.720684
Guatemala,2009,668.796352
Guatemala,2010,714.9102221
Guatemala,2011,750.609079
Guatemala,2012,749.0445437
Guatemala,2013,800.6522343
Guatemala,2014,863.5689345
Guatemala,2015,NA
Guinea,2000,NA
Guinea,2001,NA
Guinea,2002,NA
Guinea,2003,NA
Guinea,2004,NA
Guinea,2005,NA
Guinea,2006,NA
Guinea,2007,NA
Guinea,2008,NA
Guinea,2009,NA
Guinea,2010,NA
Guinea,2011,NA
Guinea,2012,NA
Guinea,2013,NA
Guinea,2014,NA
Guinea,2015,NA
Guinea-Bissau,2000,NA
Guinea-Bissau,2001,NA
Guinea-Bissau,2002,NA
Guinea-Bissau,2003,NA
Guinea-Bissau,2004,65.47432341
Guinea-Bissau,2005,64.6873815
Guinea-Bissau,2006,65.33191152
Guinea-Bissau,2007,67.30223592
Guinea-Bissau,2008,NA
Guinea-Bissau,2009,NA
Guinea-Bissau,2010,NA
Guinea-Bissau,2011,NA
Guinea-Bissau,2012,NA
Guinea-Bissau,2013,NA
Guinea-Bissau,2014,NA
Guinea-Bissau,2015,NA
Guyana,2000,NA
Guyana,2001,NA
Guyana,2002,NA
Guyana,2003,NA
Guyana,2004,642.3175999
Guyana,2005,663.3939233
Guyana,2006,669.9332612
Guyana,2007,669.8156935
Guyana,2008,NA
Guyana,2009,NA
Guyana,2010,NA
Guyana,2011,NA
Guyana,2012,NA
Guyana,2013,NA
Guyana,2014,NA
Guyana,2015,NA
Haiti,2000,237.5171406
Haiti,2001,238.5873138
Haiti,2002,263.7804927
Haiti,2003,249.2056273
Haiti,2004,252.8709549
Haiti,2005,370.4208068
Haiti,2006,375.3054779
Haiti,2007,387.0094851
Haiti,2008,385.8434803
Haiti,2009,385.3788806
Haiti,2010,381.5911275
Haiti,2011,389.0863854
Haiti,2012,397.2571269
Haiti,2013,394.0233483
Haiti,2014,393.6746469
Haiti,2015,NA
Honduras,2000,454.9337449
Honduras,2001,477.7356399
Honduras,2002,484.3386708
Honduras,2003,513.3695799
Honduras,2004,539.9172561
Honduras,2005,551.0099564
Honduras,2006,523.1141095
Honduras,2007,600.5888697
Honduras,2008,582.8127085
Honduras,2009,546.8021139
Honduras,2010,548.7312849
Honduras,2011,596.678376
Honduras,2012,593.0709708
Honduras,2013,590.9511383
Honduras,2014,597.9295164
Honduras,2015,NA
Hong Kong,2000,2039.054164
Hong Kong,2001,2109.680384
Hong Kong,2002,1949.172758
Hong Kong,2003,2009.218369
Hong Kong,2004,1872.470259
Hong Kong,2005,1844.490401
Hong Kong,2006,1932.909685
Hong Kong,2007,2058.597516
Hong Kong,2008,2006.298543
Hong Kong,2009,2107.366338
Hong Kong,2010,1946.646166
Hong Kong,2011,2087.211664
Hong Kong,2012,1994.715598
Hong Kong,2013,1943.845436
Hong Kong,2014,1970.484128
Hong Kong,2015,NA
Hungary,2000,2448.140338
Hungary,2001,2512.67485
Hungary,2002,2520.152466
Hungary,2003,2580.207496
Hungary,2004,2579.291721
Hungary,2005,2731.039703
Hungary,2006,2713.257084
Hungary,2007,2658.036373
Hungary,2008,2636.646773
Hungary,2009,2478.1017
Hungary,2010,2568.948991
Hungary,2011,2500.321359
Hungary,2012,2365.553697
Hungary,2013,2271.947205
Hungary,2014,2314.496434
Hungary,2015,2432.751791
Iceland,2000,11091.54887
Iceland,2001,10589.46619
Iceland,2002,10804.64172
Iceland,2003,10731.32864
Iceland,2004,10524.2507
Iceland,2005,10524.8775
Iceland,2006,12734.00662
Iceland,2007,14746.03134
Iceland,2008,16353.83127
Iceland,2009,16911.07978
Iceland,2010,17023.16682
Iceland,2011,18157.5981
Iceland,2012,17630.07147
Iceland,2013,18178.13901
Iceland,2014,17916.12042
Iceland,2015,17478.89304
India,2000,417.2875886
India,2001,416.0144443
India,2002,421.2704901
India,2003,424.2943456
India,2004,439.7030084
India,2005,449.7658559
India,2006,466.1382611
India,2007,485.0996282
India,2008,501.5596349
India,2009,544.6265982
India,2010,561.6534027
India,2011,577.9940611
India,2012,599.1544142
India,2013,605.7921412
India,2014,636.5701556
India,2015,NA
Indonesia,2000,735.9134207
Indonesia,2001,742.9706995
Indonesia,2002,760.1677157
Indonesia,2003,752.1128926
Indonesia,2004,791.0908132
Indonesia,2005,794.4100006
Indonesia,2006,802.3545286
Indonesia,2007,788.0726283
Indonesia,2008,793.1000329
Indonesia,2009,845.9972119
Indonesia,2010,877.0756528
Indonesia,2011,833.5620289
Indonesia,2012,853.2083446
Indonesia,2013,863.8176284
Indonesia,2014,883.9182941
Indonesia,2015,NA
"Iran, Islamic Republic of",2000,1874.671453
"Iran, Islamic Republic of",2001,2008.654894
"Iran, Islamic Republic of",2002,2051.788847
"Iran, Islamic Republic of",2003,2094.269158
"Iran, Islamic Republic of",2004,2256.462603
"Iran, Islamic Republic of",2005,2475.087729
"Iran, Islamic Republic of",2006,2557.7637
"Iran, Islamic Republic of",2007,2676.599594
"Iran, Islamic Republic of",2008,2837.184586
"Iran, Islamic Republic of",2009,2800.51544
"Iran, Islamic Republic of",2010,2769.463567
"Iran, Islamic Republic of",2011,2791.107789
"Iran, Islamic Republic of",2012,2869.333253
"Iran, Islamic Republic of",2013,2889.109969
"Iran, Islamic Republic of",2014,3060.387046
"Iran, Islamic Republic of",2015,NA
Iraq,2000,1104.932741
Iraq,2001,1199.022355
Iraq,2002,1107.08185
Iraq,2003,988.9973674
Iraq,2004,991.9177507
Iraq,2005,981.7259561
Iraq,2006,908.5752454
Iraq,2007,909.1752902
Iraq,2008,968.3506997
Iraq,2009,1137.034404
Iraq,2010,1261.220505
Iraq,2011,1335.738398
Iraq,2012,1438.175609
Iraq,2013,1488.561769
Iraq,2014,1437.900542
Iraq,2015,NA
Ireland,2000,3626.747161
Ireland,2001,3713.513869
Ireland,2002,3661.322241
Ireland,2003,3515.094503
Ireland,2004,3558.085941
Ireland,2005,3503.642864
Ireland,2006,3424.160852
Ireland,2007,3416.030946
Ireland,2008,3293.884635
Ireland,2009,3149.565141
Ireland,2010,3152.003605
Ireland,2011,2865.37474
Ireland,2012,2853.064865
Ireland,2013,2814.98269
Ireland,2014,2741.574884
Ireland,2015,2819.875852
Isle of Man,2000,NA
Isle of Man,2001,NA
Isle of Man,2002,NA
Isle of Man,2003,NA
Isle of Man,2004,NA
Isle of Man,2005,NA
Isle of Man,2006,NA
Isle of Man,2007,NA
Isle of Man,2008,NA
Isle of Man,2009,NA
Isle of Man,2010,NA
Isle of Man,2011,NA
Isle of Man,2012,NA
Isle of Man,2013,NA
Isle of Man,2014,NA
Isle of Man,2015,NA
Israel,2000,2899.426618
Israel,2001,2973.042708
Israel,2002,2862.795738
Israel,2003,2949.300417
Israel,2004,2821.996916
Israel,2005,2661.449185
Israel,2006,2882.399025
Israel,2007,2898.153368
Israel,2008,3129.127764
Israel,2009,2873.876109
Israel,2010,3042.434021
Israel,2011,2980.176157
Israel,2012,3067.742494
Israel,2013,2870.098765
Israel,2014,2762.505934
Israel,2015,2777.875324
Italy,2000,3012195
Italy,2001,3020.621195
Italy,2002,3037.266965
Italy,2003,3168.529021
Italy,2004,3169.932642
Italy,2005,3214.674121
Italy,2006,3175.799871
Italy,2007,3149.576553
Italy,2008,3087.566331
Italy,2009,2869.920712
Italy,2010,2930.588524
Italy,2011,2828.404891
Italy,2012,2709.297728
Italy,2013,2579.472543
Italy,2014,2414.484002
Italy,2015,2481.754645
Jamaica,2000,1436.429941
Jamaica,2001,1430.144367
Jamaica,2002,1324.659979
Jamaica,2003,1371.584576
Jamaica,2004,1379.414792
Jamaica,2005,1355.282093
Jamaica,2006,1510.601738
Jamaica,2007,1511.587742
Jamaica,2008,1265.622551
Jamaica,2009,1080.154172
Jamaica,2010,951.4108011
Jamaica,2011,1009.349138
Jamaica,2012,974.4631847
Jamaica,2013,1006.698478
Jamaica,2014,976.858486
Jamaica,2015,NA
Japan,2000,4083.831697
Japan,2001,4008.268032
Japan,2002,3991.977567
Japan,2003,3953.184508
Japan,2004,4078.210542
Japan,2005,4062.979049
Japan,2006,4053.883437
Japan,2007,4012.654245
Japan,2008,3858.434521
Japan,2009,3678.511133
Japan,2010,3893.266604
Japan,2011,3610.812169
Japan,2012,3537.36317
Japan,2013,3567.629354
Japan,2014,3470.763129
Japan,2015,3428.557216
Jordan,2000,949.8658173
Jordan,2001,923.3053037
Jordan,2002,951.5473983
Jordan,2003,952.02198
Jordan,2004,1114.304142
Jordan,2005,1157.958664
Jordan,2006,1143.880038
Jordan,2007,1152.461121
Jordan,2008,1078.166204
Jordan,2009,1081.923357
Jordan,2010,978.2036563
Jordan,2011,922.0659284
Jordan,2012,970.2091443
Jordan,2013,906.9274754
Jordan,2014,916.9928327
Jordan,2015,NA
Kazakhstan,2000,2397.202335
Kazakhstan,2001,2324.54767
Kazakhstan,2002,2674.255674
Kazakhstan,2003,2891.093028
Kazakhstan,2004,3383.074452
Kazakhstan,2005,3358.971122
Kazakhstan,2006,4012.785075
Kazakhstan,2007,4267.99306
Kazakhstan,2008,4457.168113
Kazakhstan,2009,3944.288267
Kazakhstan,2010,4234.851064
Kazakhstan,2011,4670.821234
Kazakhstan,2012,4398.944408
Kazakhstan,2013,4786.593036
Kazakhstan,2014,4434.639121
Kazakhstan,2015,NA
Kenya,2000,437.9659321
Kenya,2001,431.981532
Kenya,2002,426.0164787
Kenya,2003,423.7140817
Kenya,2004,433.5064268
Kenya,2005,436.9270956
Kenya,2006,443.1654858
Kenya,2007,440.4651463
Kenya,2008,443.5401696
Kenya,2009,456.9496124
Kenya,2010,464.4134917
Kenya,2011,461.4658253
Kenya,2012,454.8363556
Kenya,2013,468.6375883
Kenya,2014,505.9974007
Kenya,2015,NA
Kiribati,2000,NA
Kiribati,2001,NA
Kiribati,2002,NA
Kiribati,2003,NA
Kiribati,2004,88.39876684
Kiribati,2005,86.65041971
Kiribati,2006,105.9962053
Kiribati,2007,113.9577528
Kiribati,2008,NA
Kiribati,2009,NA
Kiribati,2010,NA
Kiribati,2011,NA
Kiribati,2012,NA
Kiribati,2013,NA
Kiribati,2014,NA
Kiribati,2015,NA
"Korea, Democratic People's Republic of",2000,859.9080425
"Korea, Democratic People's Republic of",2001,880.5372243
"Korea, Democratic People's Republic of",2002,838.3036226
"Korea, Democratic People's Republic of",2003,850.7559501
"Korea, Democratic People's Republic of",2004,863.6739278
"Korea, Democratic People's Republic of",2005,892.5578959
"Korea, Democratic People's Republic of",2006,895.8542023
"Korea, Democratic People's Republic of",2007,756.8111252
"Korea, Democratic People's Republic of",2008,829.7307354
"Korea, Democratic People's Republic of",2009,815.3893463
"Korea, Democratic People's Republic of",2010,770.1300787
"Korea, Democratic People's Republic of",2011,567.3458668
"Korea, Democratic People's Republic of",2012,574.7893641
"Korea, Democratic People's Republic of",2013,435.155494
"Korea, Democratic People's Republic of",2014,475.3483473
"Korea, Democratic People's Republic of",2015,NA
"Korea, Republic of",2000,4002.671284
"Korea, Republic of",2001,4033.318968
"Korea, Republic of",2002,4170.476147
"Korea, Republic of",2003,4233.487325
"Korea, Republic of",2004,4332.667741
"Korea, Republic of",2005,4364.219091
"Korea, Republic of",2006,4412.527118
"Korea, Republic of",2007,4564.98783
"Korea, Republic of",2008,4629.777921
"Korea, Republic of",2009,4649.765742
"Korea, Republic of",2010,5045.487749
"Korea, Republic of",2011,5216.587809
"Korea, Republic of",2012,5248.519891
"Korea, Republic of",2013,5231.67546
"Korea, Republic of",2014,5289.275832
"Korea, Republic of",2015,5413.347857
Kosovo,2000,908.6088235
Kosovo,2001,1117.872926
Kosovo,2002,1112.34734
Kosovo,2003,1170.289281
Kosovo,2004,1176.064254
Kosovo,2005,1140.686958
Kosovo,2006,1143.458468
Kosovo,2007,1179.568641
Kosovo,2008,1267.742103
Kosovo,2009,1381.957383
Kosovo,2010,1405.040886
Kosovo,2011,1411.47292
Kosovo,2012,1310.400165
Kosovo,2013,1296.695977
Kosovo,2014,1219.326655
Kosovo,2015,NA
Kuwait,2000,9151.98059
Kuwait,2001,9497.433535
Kuwait,2002,9612.83006
Kuwait,2003,10131.44688
Kuwait,2004,10619.66233
Kuwait,2005,11576.82722
Kuwait,2006,10811.57759
Kuwait,2007,10489.03982
Kuwait,2008,10810.81051
Kuwait,2009,11134.24245
Kuwait,2010,10721.48519
Kuwait,2011,10221.17637
Kuwait,2012,11105.97778
Kuwait,2013,9906.517059
Kuwait,2014,9178.885547
Kuwait,2015,NA
Kyrgyzstan,2000,473.3792667
Kyrgyzstan,2001,435.8761198
Kyrgyzstan,2002,485.2886369
Kyrgyzstan,2003,511.2523546
Kyrgyzstan,2004,497.8686309
Kyrgyzstan,2005,498.5427885
Kyrgyzstan,2006,485.4189023
Kyrgyzstan,2007,560.6182143
Kyrgyzstan,2008,593.9464531
Kyrgyzstan,2009,535.8168781
Kyrgyzstan,2010,505.4022651
Kyrgyzstan,2011,600.2852428
Kyrgyzstan,2012,737.2264232
Kyrgyzstan,2013,690.3176796
Kyrgyzstan,2014,650.401508
Kyrgyzstan,2015,NA
Lao People's Democratic Republic,2000,NA
Lao People's Democratic Republic,2001,NA
Lao People's Democratic Republic,2002,NA
Lao People's Democratic Republic,2003,NA
Lao People's Democratic Republic,2004,NA
Lao People's Democratic Republic,2005,NA
Lao People's Democratic Republic,2006,NA
Lao People's Democratic Republic,2007,NA
Lao People's Democratic Republic,2008,NA
Lao People's Democratic Republic,2009,NA
Lao People's Democratic Republic,2010,NA
Lao People's Democratic Republic,2011,NA
Lao People's Democratic Republic,2012,NA
Lao People's Democratic Republic,2013,NA
Lao People's Democratic Republic,2014,NA
Lao People's Democratic Republic,2015,NA
Latvia,2000,1618.460011
Latvia,2001,1759.160865
Latvia,2002,1763.257557
Latvia,2003,1889.954129
Latvia,2004,1961.104616
Latvia,2005,2022.56433
Latvia,2006,2113.710733
Latvia,2007,2179.813891
Latvia,2008,2106.363689
Latvia,2009,2055.824686
Latvia,2010,2148.653551
Latvia,2011,2066.637569
Latvia,2012,2170.585832
Latvia,2013,2156.16201
Latvia,2014,2176.843306
Latvia,2015,NA
Lebanon,2000,1276.954849
Lebanon,2001,1318.100897
Lebanon,2002,1249.805306
Lebanon,2003,1192.352294
Lebanon,2004,1157.048727
Lebanon,2005,1073.103921
Lebanon,2006,1007.243233
Lebanon,2007,886.2609872
Lebanon,2008,1139.766883
Lebanon,2009,1381.330996
Lebanon,2010,1287.77457
Lebanon,2011,1219.917257
Lebanon,2012,1294.737114
Lebanon,2013,1195.576014
Lebanon,2014,1196.60562
Lebanon,2015,NA
Lesotho,2000,NA
Lesotho,2001,NA
Lesotho,2002,NA
Lesotho,2003,NA
Lesotho,2004,13.95854313
Lesotho,2005,16.53212191
Lesotho,2006,9.548031372
Lesotho,2007,9.56252938
Lesotho,2008,NA
Lesotho,2009,NA
Lesotho,2010,NA
Lesotho,2011,NA
Lesotho,2012,NA
Lesotho,2013,NA
Lesotho,2014,NA
Lesotho,2015,NA
Liberia,2000,NA
Liberia,2001,NA
Liberia,2002,NA
Liberia,2003,NA
Liberia,2004,NA
Liberia,2005,NA
Liberia,2006,NA
Liberia,2007,NA
Liberia,2008,NA
Liberia,2009,NA
Liberia,2010,NA
Liberia,2011,NA
Liberia,2012,NA
Liberia,2013,NA
Liberia,2014,NA
Liberia,2015,NA
Libya,2000,2954.082866
Libya,2001,2995.865336
Libya,2002,3066.175395
Libya,2003,3104.514739
Libya,2004,3141.437516
Libya,2005,3065.045026
Libya,2006,3052.424955
Libya,2007,2796.455171
Libya,2008,2937.630019
Libya,2009,3146.184763
Libya,2010,3353.527773
Libya,2011,2190.810346
Libya,2012,2744.014954
Libya,2013,3071.818863
Libya,2014,2808.648236
Libya,2015,NA
Liechtenstein,2000,NA
Liechtenstein,2001,NA
Liechtenstein,2002,NA
Liechtenstein,2003,NA
Liechtenstein,2004,NA
Liechtenstein,2005,NA
Liechtenstein,2006,NA
Liechtenstein,2007,NA
Liechtenstein,2008,NA
Liechtenstein,2009,NA
Liechtenstein,2010,NA
Liechtenstein,2011,NA
Liechtenstein,2012,NA
Liechtenstein,2013,NA
Liechtenstein,2014,NA
Liechtenstein,2015,NA
Lithuania,2000,2037.619559
Lithuania,2001,2384.742732
Lithuania,2002,2574.353331
Lithuania,2003,2709.24976
Lithuania,2004,2779.195902
Lithuania,2005,2662.800735
Lithuania,2006,2666.013336
Lithuania,2007,2927.241223
Lithuania,2008,2975.911996
Lithuania,2009,2770.832358
Lithuania,2010,2275.760166
Lithuania,2011,2412.480702
Lithuania,2012,2468.998816
Lithuania,2013,2356.645002
Lithuania,2014,2387.275194
Lithuania,2015,NA
Luxembourg,2000,7676.837039
Luxembourg,2001,7982.850348
Luxembourg,2002,8204.726845
Luxembourg,2003,8549.502912
Luxembourg,2004,9387.437104
Luxembourg,2005,9428.811286
Luxembourg,2006,9170.532565
Luxembourg,2007,8773.896703
Luxembourg,2008,8612.233705
Luxembourg,2009,7951.723944
Luxembourg,2010,8329.478275
Luxembourg,2011,8056.404301
Luxembourg,2012,7722.190204
Luxembourg,2013,7312.154005
Luxembourg,2014,6861.106667
Luxembourg,2015,6548.405559
Macao,2000,NA
Macao,2001,NA
Macao,2002,NA
Macao,2003,NA
Macao,2004,NA
Macao,2005,NA
Macao,2006,NA
Macao,2007,NA
Macao,2008,NA
Macao,2009,NA
Macao,2010,NA
Macao,2011,NA
Macao,2012,NA
Macao,2013,NA
Macao,2014,NA
Macao,2015,NA
North Macedonia,2000,1311.028647
North Macedonia,2001,1261.306063
North Macedonia,2002,1233.481606
North Macedonia,2003,1358.538852
North Macedonia,2004,1335.123439
North Macedonia,2005,1359.377616
North Macedonia,2006,1421.331462
North Macedonia,2007,1464.716238
North Macedonia,2008,1461.099505
North Macedonia,2009,1360.67034
North Macedonia,2010,1390.532664
North Macedonia,2011,1506.062523
North Macedonia,2012,1427.623491
North Macedonia,2013,1300.820735
North Macedonia,2014,1262.386447
North Macedonia,2015,NA
Madagascar,2000,NA
Madagascar,2001,NA
Madagascar,2002,NA
Madagascar,2003,NA
Madagascar,2004,NA
Madagascar,2005,NA
Madagascar,2006,NA
Madagascar,2007,NA
Madagascar,2008,NA
Madagascar,2009,NA
Madagascar,2010,NA
Madagascar,2011,NA
Madagascar,2012,NA
Madagascar,2013,NA
Madagascar,2014,NA
Madagascar,2015,NA
Malawi,2000,NA
Malawi,2001,NA
Malawi,2002,NA
Malawi,2003,NA
Malawi,2004,NA
Malawi,2005,NA
Malawi,2006,NA
Malawi,2007,NA
Malawi,2008,NA
Malawi,2009,NA
Malawi,2010,NA
Malawi,2011,NA
Malawi,2012,NA
Malawi,2013,NA
Malawi,2014,NA
Malawi,2015,NA
Malaysia,2000,2107.814275
Malaysia,2001,2145.964133
Malaysia,2002,2172.436326
Malaysia,2003,2281.316447
Malaysia,2004,2405.4822
Malaysia,2005,2558.495631
Malaysia,2006,2522.330905
Malaysia,2007,2708.46867
Malaysia,2008,2777.663619
Malaysia,2009,2591.75999
Malaysia,2010,2601.44941
Malaysia,2011,2670.65206
Malaysia,2012,2678.533856
Malaysia,2013,2979.648627
Malaysia,2014,3003.455771
Malaysia,2015,NA
Maldives,2000,NA
Maldives,2001,NA
Maldives,2002,NA
Maldives,2003,NA
Maldives,2004,803.1741442
Maldives,2005,703.9873845
Maldives,2006,879.4242214
Maldives,2007,892.0872754
Maldives,2008,NA
Maldives,2009,NA
Maldives,2010,NA
Maldives,2011,NA
Maldives,2012,NA
Maldives,2013,NA
Maldives,2014,NA
Maldives,2015,NA
Mali,2000,NA
Mali,2001,NA
Mali,2002,NA
Mali,2003,NA
Mali,2004,NA
Mali,2005,NA
Mali,2006,NA
Mali,2007,NA
Mali,2008,NA
Mali,2009,NA
Mali,2010,NA
Mali,2011,NA
Mali,2012,NA
Mali,2013,NA
Mali,2014,NA
Mali,2015,NA
Malta,2000,1731.708568
Malta,2001,2001.335783
Malta,2002,1851.91265
Malta,2003,2071.498462
Malta,2004,2066.583929
Malta,2005,2181.143737
Malta,2006,2055.686046
Malta,2007,2156.555797
Malta,2008,2043.526903
Malta,2009,1887.203408
Malta,2010,2012.315806
Malta,2011,1993.328817
Malta,2012,2090.393974
Malta,2013,1803.210108
Malta,2014,1781.504425
Malta,2015,NA
Marshall Islands,2000,NA
Marshall Islands,2001,NA
Marshall Islands,2002,NA
Marshall Islands,2003,NA
Marshall Islands,2004,532.3445187
Marshall Islands,2005,524.8108871
Marshall Islands,2006,537.9525526
Marshall Islands,2007,570.9086368
Marshall Islands,2008,NA
Marshall Islands,2009,NA
Marshall Islands,2010,NA
Marshall Islands,2011,NA
Marshall Islands,2012,NA
Marshall Islands,2013,NA
Marshall Islands,2014,NA
Marshall Islands,2015,NA
Mauritania,2000,NA
Mauritania,2001,NA
Mauritania,2002,NA
Mauritania,2003,NA
Mauritania,2004,NA
Mauritania,2005,NA
Mauritania,2006,NA
Mauritania,2007,NA
Mauritania,2008,NA
Mauritania,2009,NA
Mauritania,2010,NA
Mauritania,2011,NA
Mauritania,2012,NA
Mauritania,2013,NA
Mauritania,2014,NA
Mauritania,2015,NA
Mauritius,2000,851.2216556
Mauritius,2001,886.763795
Mauritius,2002,873.1958018
Mauritius,2003,909.0631877
Mauritius,2004,919.7979039
Mauritius,2005,945.7237672
Mauritius,2006,1006.501642
Mauritius,2007,1007.574841
Mauritius,2008,1027.174206
Mauritius,2009,999.4869447
Mauritius,2010,1053.452495
Mauritius,2011,1053.50989
Mauritius,2012,1067.780253
Mauritius,2013,1094.72587
Mauritius,2014,1111.422168
Mauritius,2015,NA
Mexico,2000,1516.635855
Mexico,2001,1548.316139
Mexico,2002,1534.721851
Mexico,2003,1603.937485
Mexico,2004,1599.161247
Mexico,2005,1685.099674
Mexico,2006,1698.585358
Mexico,2007,1662.602596
Mexico,2008,1621.264979
Mexico,2009,1599.516696
Mexico,2010,1531.756941
Mexico,2011,1587.072002
Mexico,2012,1634.697432
Mexico,2013,1616.613604
Mexico,2014,1561.873458
Mexico,2015,1537.261324
"Micronesia, Federated States of",2000,NA
"Micronesia, Federated States of",2001,NA
"Micronesia, Federated States of",2002,NA
"Micronesia, Federated States of",2003,NA
"Micronesia, Federated States of",2004,NA
"Micronesia, Federated States of",2005,NA
"Micronesia, Federated States of",2006,NA
"Micronesia, Federated States of",2007,NA
"Micronesia, Federated States of",2008,NA
"Micronesia, Federated States of",2009,NA
"Micronesia, Federated States of",2010,NA
"Micronesia, Federated States of",2011,NA
"Micronesia, Federated States of",2012,NA
"Micronesia, Federated States of",2013,NA
"Micronesia, Federated States of",2014,NA
"Micronesia, Federated States of",2015,NA
"Moldova, Republic of",2000,986.0283749
"Moldova, Republic of",2001,1046.21164
"Moldova, Republic of",2002,1063.599981
"Moldova, Republic of",2003,1157.721065
"Moldova, Republic of",2004,1166.356665
"Moldova, Republic of",2005,1210.890094
"Moldova, Republic of",2006,1198.008399
"Moldova, Republic of",2007,1168.386621
"Moldova, Republic of",2008,1166.286606
"Moldova, Republic of",2009,1109.173962
"Moldova, Republic of",2010,1225.684059
"Moldova, Republic of",2011,1207.075728
"Moldova, Republic of",2012,1194.455383
"Moldova, Republic of",2013,1073.856855
"Moldova, Republic of",2014,1155.612454
"Moldova, Republic of",2015,NA
Monaco,2000,NA
Monaco,2001,NA
Monaco,2002,NA
Monaco,2003,NA
Monaco,2004,NA
Monaco,2005,NA
Monaco,2006,NA
Monaco,2007,NA
Monaco,2008,NA
Monaco,2009,NA
Monaco,2010,NA
Monaco,2011,NA
Monaco,2012,NA
Monaco,2013,NA
Monaco,2014,NA
Monaco,2015,NA
Mongolia,2000,999.6537942
Mongolia,2001,997.9984196
Mongolia,2002,1058.265334
Mongolia,2003,1022.937813
Mongolia,2004,1041.696193
Mongolia,2005,1185.681817
Mongolia,2006,1331.883857
Mongolia,2007,1376.434371
Mongolia,2008,1361.67663
Mongolia,2009,1392.46113
Mongolia,2010,1449.471597
Mongolia,2011,1557.017819
Mongolia,2012,1689.615425
Mongolia,2013,1825.009924
Mongolia,2014,1828.103253
Mongolia,2015,NA
Montenegro,2000,NA
Montenegro,2001,NA
Montenegro,2002,NA
Montenegro,2003,NA
Montenegro,2004,NA
Montenegro,2005,1745.974431
Montenegro,2006,1913.556359
Montenegro,2007,1927.978892
Montenegro,2008,2067.967759
Montenegro,2009,1646.312272
Montenegro,2010,1898.288421
Montenegro,2011,1815.529957
Montenegro,2012,1711.797113
Montenegro,2013,1580.418443
Montenegro,2014,1538.2641
Montenegro,2015,NA
Morocco,2000,382.6832618
Morocco,2001,401.0404675
Morocco,2002,403.0851304
Morocco,2003,396.8916845
Morocco,2004,465.668416
Morocco,2005,487.4037618
Morocco,2006,490.0372778
Morocco,2007,499.592394
Morocco,2008,512.6078854
Morocco,2009,509.9605886
Morocco,2010,528.103904
Morocco,2011,561.4245078
Morocco,2012,561.4755812
Morocco,2013,555.937557
Morocco,2014,555.1378792
Morocco,2015,NA
Mozambique,2000,404.9631076
Mozambique,2001,414.1536267
Mozambique,2002,407.4371055
Mozambique,2003,417.0751794
Mozambique,2004,420.6149081
Mozambique,2005,414.2083569
Mozambique,2006,414.7168587
Mozambique,2007,420.6937692
Mozambique,2008,417.2386122
Mozambique,2009,420.9655418
Mozambique,2010,423.2675638
Mozambique,2011,428.3474757
Mozambique,2012,424.5091271
Mozambique,2013,427.6683075
Mozambique,2014,442.6652152
Mozambique,2015,NA
Myanmar,2000,274.8781932
Myanmar,2001,265.7420246
Myanmar,2002,271.9705357
Myanmar,2003,292.2470797
Myanmar,2004,305.6912743
Myanmar,2005,304.3126277
Myanmar,2006,306.4233723
Myanmar,2007,315.8789415
Myanmar,2008,302.6378999
Myanmar,2009,284.8906755
Myanmar,2010,277.0925956
Myanmar,2011,280.9153214
Myanmar,2012,304.5243118
Myanmar,2013,320.3689639
Myanmar,2014,369.3322676
Myanmar,2015,NA
Namibia,2000,568.22104
Namibia,2001,662.959677
Namibia,2002,604.5061282
Namibia,2003,620.7553867
Namibia,2004,641.0909215
Namibia,2005,683.9035866
Namibia,2006,673.6491391
Namibia,2007,681.0936779
Namibia,2008,712.2840725
Namibia,2009,712.0046477
Namibia,2010,726.0823437
Namibia,2011,736.4799293
Namibia,2012,749.9416799
Namibia,2013,777.6087862
Namibia,2014,794.2989228
Namibia,2015,NA
Nauru,2000,NA
Nauru,2001,NA
Nauru,2002,NA
Nauru,2003,NA
Nauru,2004,NA
Nauru,2005,NA
Nauru,2006,NA
Nauru,2007,NA
Nauru,2008,NA
Nauru,2009,NA
Nauru,2010,NA
Nauru,2011,NA
Nauru,2012,NA
Nauru,2013,NA
Nauru,2014,NA
Nauru,2015,NA
Nepal,2000,338.6524267
Nepal,2001,343.9661782
Nepal,2002,342.4562297
Nepal,2003,347.1560718
Nepal,2004,347.4699032
Nepal,2005,354.701781
Nepal,2006,350.2931116
Nepal,2007,352.8104775
Nepal,2008,361.2641533
Nepal,2009,368.9500283
Nepal,2010,377.9855576
Nepal,2011,390.8243486
Nepal,2012,374.2975788
Nepal,2013,417.2873997
Nepal,2014,434.4492938
Nepal,2015,NA
Netherlands,2000,4739.065925
Netherlands,2001,4839.46553
Netherlands,2002,4873.261626
Netherlands,2003,5020.381932
Netherlands,2004,5085.885701
Netherlands,2005,4989.46793
Netherlands,2006,4925.112417
Netherlands,2007,4908.898261
Netherlands,2008,4848.01369
Netherlands,2009,4722.106039
Netherlands,2010,5025.320916
Netherlands,2011,4636.701904
Netherlands,2012,4646.255241
Netherlands,2013,4600.182976
Netherlands,2014,4325.523712
Netherlands,2015,4233.043857
New Caledonia,2000,NA
New Caledonia,2001,NA
New Caledonia,2002,NA
New Caledonia,2003,NA
New Caledonia,2004,NA
New Caledonia,2005,NA
New Caledonia,2006,NA
New Caledonia,2007,NA
New Caledonia,2008,NA
New Caledonia,2009,NA
New Caledonia,2010,NA
New Caledonia,2011,NA
New Caledonia,2012,NA
New Caledonia,2013,NA
New Caledonia,2014,NA
New Caledonia,2015,NA
New Zealand,2000,4430.227856
New Zealand,2001,4407.618864
New Zealand,2002,4337.380524
New Zealand,2003,4197.593862
New Zealand,2004,4239.645749
New Zealand,2005,4095.143085
New Zealand,2006,4047.318023
New Zealand,2007,4054.495004
New Zealand,2008,4082.723367
New Zealand,2009,4073.238042
New Zealand,2010,4225.094582
New Zealand,2011,4177.025547
New Zealand,2012,4357.809714
New Zealand,2013,4360.305936
New Zealand,2014,4559.892232
New Zealand,2015,4444.725287
Nicaragua,2000,496.4458618
Nicaragua,2001,493.3742323
Nicaragua,2002,504.1016775
Nicaragua,2003,508.8261448
Nicaragua,2004,524.8440102
Nicaragua,2005,526.1270637
Nicaragua,2006,514.1185793
Nicaragua,2007,515.5287381
Nicaragua,2008,514.1684982
Nicaragua,2009,510.158861
Nicaragua,2010,507.5748639
Nicaragua,2011,518.1104174
Nicaragua,2012,549.4169185
Nicaragua,2013,580.4853942
Nicaragua,2014,596.2438869
Nicaragua,2015,NA
Niger,2000,129.649703
Niger,2001,128.717983
Niger,2002,128.8315168
Niger,2003,129.6690445
Niger,2004,130.6592241
Niger,2005,127.2300781
Niger,2006,125.6858488
Niger,2007,126.6507638
Niger,2008,127.6911512
Niger,2009,130.3125461
Niger,2010,135.3564514
Niger,2011,113.0905071
Niger,2012,127.9082647
Niger,2013,154.9743019
Niger,2014,150.0138486
Niger,2015,NA
Nigeria,2000,703.6366945
Nigeria,2001,720.4456821
Nigeria,2002,725.0092608
Nigeria,2003,747.0192011
Nigeria,2004,748.746091
Nigeria,2005,758.3650946
Nigeria,2006,744.9410933
Nigeria,2007,751.1784015
Nigeria,2008,753.2494042
Nigeria,2009,721.8144848
Nigeria,2010,756.3471732
Nigeria,2011,778.8437008
Nigeria,2012,798.6301962
Nigeria,2013,780.1399998
Nigeria,2014,763.6319766
Nigeria,2015,NA
Northern Mariana Islands,2000,NA
Northern Mariana Islands,2001,NA
Northern Mariana Islands,2002,NA
Northern Mariana Islands,2003,NA
Northern Mariana Islands,2004,NA
Northern Mariana Islands,2005,NA
Northern Mariana Islands,2006,NA
Northern Mariana Islands,2007,NA
Northern Mariana Islands,2008,NA
Northern Mariana Islands,2009,NA
Northern Mariana Islands,2010,NA
Northern Mariana Islands,2011,NA
Northern Mariana Islands,2012,NA
Northern Mariana Islands,2013,NA
Northern Mariana Islands,2014,NA
Northern Mariana Islands,2015,NA
Norway,2000,5826.077769
Norway,2001,5954.041771
Norway,2002,5501.117744
Norway,2003,5933.215841
Norway,2004,5769.326707
Norway,2005,5802.71629
Norway,2006,5833.773935
Norway,2007,5862.217261
Norway,2008,6752.708982
Norway,2009,6484.118585
Norway,2010,6934.590199
Norway,2011,5649.697724
Norway,2012,5906.141048
Norway,2013,6415.990714
Norway,2014,5595.654625
Norway,2015,5817.636603
Oman,2000,3337.308689
Oman,2001,3345.456265
Oman,2002,3457.605131
Oman,2003,3604.65701
Oman,2004,3601.496125
Oman,2005,3944.408584
Oman,2006,5979.029029
Oman,2007,6660.354409
Oman,2008,5690.174677
Oman,2009,5499.199982
Oman,2010,6154.476803
Oman,2011,6771.192775
Oman,2012,6767.620566
Oman,2013,6490.216625
Oman,2014,6040609
Oman,2015,NA
Pakistan,2000,450.0578734
Pakistan,2001,446.0109859
Pakistan,2002,440.2513011
Pakistan,2003,449.5780885
Pakistan,2004,470.9897597
Pakistan,2005,477.2908735
Pakistan,2006,485.9415342
Pakistan,2007,500.43205
Pakistan,2008,481.0217521
Pakistan,2009,477.4711307
Pakistan,2010,473.8497373
Pakistan,2011,467.2175434
Pakistan,2012,462.6770106
Pakistan,2013,464.0383586
Pakistan,2014,460.2347972
Pakistan,2015,NA
Palau,2000,NA
Palau,2001,NA
Palau,2002,NA
Palau,2003,NA
Palau,2004,NA
Palau,2005,NA
Palau,2006,NA
Palau,2007,NA
Palau,2008,NA
Palau,2009,NA
Palau,2010,NA
Palau,2011,NA
Palau,2012,NA
Palau,2013,NA
Palau,2014,NA
Palau,2015,NA
Panama,2000,847.7620244
Panama,2001,942.6501012
Panama,2002,840.3166149
Panama,2003,825.5809823
Panama,2004,799.3213342
Panama,2005,875.1210507
Panama,2006,918.0965932
Panama,2007,882.5161603
Panama,2008,869.0206825
Panama,2009,942.2071599
Panama,2010,990.6733683
Panama,2011,1056.468625
Panama,2012,1072.221468
Panama,2013,1035.578997
Panama,2014,1079.868967
Panama,2015,NA
Papua New Guinea,2000,NA
Papua New Guinea,2001,NA
Papua New Guinea,2002,NA
Papua New Guinea,2003,NA
Papua New Guinea,2004,NA
Papua New Guinea,2005,NA
Papua New Guinea,2006,NA
Papua New Guinea,2007,NA
Papua New Guinea,2008,NA
Papua New Guinea,2009,NA
Papua New Guinea,2010,NA
Papua New Guinea,2011,NA
Papua New Guinea,2012,NA
Papua New Guinea,2013,NA
Papua New Guinea,2014,NA
Papua New Guinea,2015,NA
Paraguay,2000,723.4733387
Paraguay,2001,722.0487123
Paraguay,2002,702.4565606
Paraguay,2003,704.0038999
Paraguay,2004,698.6063639
Paraguay,2005,679.8454215
Paraguay,2006,690.0008101
Paraguay,2007,704.970153
Paraguay,2008,728.7650527
Paraguay,2009,728.3950998
Paraguay,2010,769.4941758
Paraguay,2011,769.7872553
Paraguay,2012,778.1692225
Paraguay,2013,758.9017731
Paraguay,2014,783.0797242
Paraguay,2015,NA
Peru,2000,461.8931922
Peru,2001,440.1259959
Peru,2002,438.1142032
Peru,2003,425.1701341
Peru,2004,466.0677573
Peru,2005,489.6523362
Peru,2006,471.4453633
Peru,2007,505.9504003
Peru,2008,526.3965805
Peru,2009,547.4265572
Peru,2010,643.0658206
Peru,2011,649.2562376
Peru,2012,692.9539738
Peru,2013,684.1540906
Peru,2014,790.2171922
Peru,2015,NA
Philippines,2000,512.7471103
Philippines,2001,480.6048227
Philippines,2002,477.0412822
Philippines,2003,468.5470017
Philippines,2004,457.9049795
Philippines,2005,450.078742
Philippines,2006,438.8435484
Philippines,2007,432.2646121
Philippines,2008,441.1902097
Philippines,2009,413.2116423
Philippines,2010,429.9086975
Philippines,2011,425.5174218
Philippines,2012,444.9495651
Philippines,2013,453.0600774
Philippines,2014,474.2978774
Philippines,2015,NA
Poland,2000,2320.376718
Poland,2001,2336.445838
Poland,2002,2314.20258
Poland,2003,2375.006131
Poland,2004,2383.05568
Poland,2005,2414.16179
Poland,2006,2536.978045
Poland,2007,2527.408412
Poland,2008,2564.775642
Poland,2009,2466.524041
Poland,2010,2640.238911
Poland,2011,2653.403657
Poland,2012,2566.574313
Poland,2013,2565.670456
Poland,2014,2473.406883
Poland,2015,2490.206419
Portugal,2000,2390.097939
Portugal,2001,2391.228193
Portugal,2002,2477.48975
Portugal,2003,2400.765918
Portugal,2004,2462.985059
Portugal,2005,2519.004925
Portugal,2006,2390.324614
Portugal,2007,2402.426395
Portugal,2008,2337.271387
Portugal,2009,2304.026675
Portugal,2010,2222.629692
Portugal,2011,2163.982113
Portugal,2012,2039.011896
Portugal,2013,2057.86133
Portugal,2014,2034.51263
Portugal,2015,2131.681888
Puerto Rico,2000,NA
Puerto Rico,2001,NA
Puerto Rico,2002,NA
Puerto Rico,2003,NA
Puerto Rico,2004,NA
Puerto Rico,2005,NA
Puerto Rico,2006,NA
Puerto Rico,2007,NA
Puerto Rico,2008,NA
Puerto Rico,2009,NA
Puerto Rico,2010,NA
Puerto Rico,2011,NA
Puerto Rico,2012,NA
Puerto Rico,2013,NA
Puerto Rico,2014,NA
Puerto Rico,2015,NA
Qatar,2000,18431.89506
Qatar,2001,19621.87242
Qatar,2002,21300.20691
Qatar,2003,20727.95796
Qatar,2004,22120.37157
Qatar,2005,19256.3819
Qatar,2006,19155.72141
Qatar,2007,18167.59628
Qatar,2008,15832.0889
Qatar,2009,14643.23031
Qatar,2010,14890.44172
Qatar,2011,15370.62564
Qatar,2012,17344.37911
Qatar,2013,17266.13195
Qatar,2014,17922.73294
Qatar,2015,NA
Romania,2000,1614.209768
Romania,2001,1663.739288
Romania,2002,1755.130026
Romania,2003,1832.278607
Romania,2004,1803.463242
Romania,2005,1810.327263
Romania,2006,1884.545121
Romania,2007,1904.096886
Romania,2008,1928.966361
Romania,2009,1712.526096
Romania,2010,1730.087676
Romania,2011,1777.106154
Romania,2012,1741.722606
Romania,2013,1595.98939
Romania,2014,1591.667659
Romania,2015,NA
Russian Federation,2000,4224.277198
Russian Federation,2001,4288.382631
Russian Federation,2002,4288.193851
Russian Federation,2003,4461.30532
Russian Federation,2004,4493.687215
Russian Federation,2005,4540.908156
Russian Federation,2006,4688.391023
Russian Federation,2007,4709.844887
Russian Federation,2008,4823.125995
Russian Federation,2009,4531.286463
Russian Federation,2010,4819.040782
Russian Federation,2011,5049.426631
Russian Federation,2012,5167.010353
Russian Federation,2013,5078.626342
Russian Federation,2014,4942.875517
Russian Federation,2015,NA
Rwanda,2000,NA
Rwanda,2001,NA
Rwanda,2002,NA
Rwanda,2003,NA
Rwanda,2004,NA
Rwanda,2005,NA
Rwanda,2006,NA
Rwanda,2007,NA
Rwanda,2008,NA
Rwanda,2009,NA
Rwanda,2010,NA
Rwanda,2011,NA
Rwanda,2012,NA
Rwanda,2013,NA
Rwanda,2014,NA
Rwanda,2015,NA
Samoa,2000,NA
Samoa,2001,NA
Samoa,2002,NA
Samoa,2003,NA
Samoa,2004,313.567389
Samoa,2005,317.147674
Samoa,2006,315.1330193
Samoa,2007,318.6007932
Samoa,2008,NA
Samoa,2009,NA
Samoa,2010,NA
Samoa,2011,NA
Samoa,2012,NA
Samoa,2013,NA
Samoa,2014,NA
Samoa,2015,NA
San Marino,2000,NA
San Marino,2001,NA
San Marino,2002,NA
San Marino,2003,NA
San Marino,2004,NA
San Marino,2005,NA
San Marino,2006,NA
San Marino,2007,NA
San Marino,2008,NA
San Marino,2009,NA
San Marino,2010,NA
San Marino,2011,NA
San Marino,2012,NA
San Marino,2013,NA
San Marino,2014,NA
San Marino,2015,NA
Sao Tome and Principe,2000,NA
Sao Tome and Principe,2001,NA
Sao Tome and Principe,2002,NA
Sao Tome and Principe,2003,NA
Sao Tome and Principe,2004,247.1753709
Sao Tome and Principe,2005,273.0644178
Sao Tome and Principe,2006,272.1408205
Sao Tome and Principe,2007,264.5820806
Sao Tome and Principe,2008,NA
Sao Tome and Principe,2009,NA
Sao Tome and Principe,2010,NA
Sao Tome and Principe,2011,NA
Sao Tome and Principe,2012,NA
Sao Tome and Principe,2013,NA
Sao Tome and Principe,2014,NA
Sao Tome and Principe,2015,NA
Saudi Arabia,2000,4735.657351
Saudi Arabia,2001,4737.58176
Saudi Arabia,2002,5102.020824
Saudi Arabia,2003,5012.944362
Saudi Arabia,2004,5178.930139
Saudi Arabia,2005,5145.599654
Saudi Arabia,2006,5543.058521
Saudi Arabia,2007,5571.710677
Saudi Arabia,2008,6046.697649
Saudi Arabia,2009,6257.648402
Saudi Arabia,2010,6764.376486
Saudi Arabia,2011,6301.272354
Saudi Arabia,2012,6871.804938
Saudi Arabia,2013,6394.844053
Saudi Arabia,2014,6905.756103
Saudi Arabia,2015,NA
Senegal,2000,244.7353643
Senegal,2001,258.2410465
Senegal,2002,255.9204621
Senegal,2003,242.5622544
Senegal,2004,253.1207207
Senegal,2005,251.7239675
Senegal,2006,245.8876386
Senegal,2007,256.9281634
Senegal,2008,261.1041291
Senegal,2009,304.7620916
Senegal,2010,302.1929544
Senegal,2011,311.2630391
Senegal,2012,300.3242578
Senegal,2013,269.310542
Senegal,2014,279.2105896
Senegal,2015,NA
Serbia,2000,1826.357648
Serbia,2001,1994.463468
Serbia,2002,2119.78208
Serbia,2003,2223.783121
Serbia,2004,2424.404444
Serbia,2005,2159.573829
Serbia,2006,2300.733353
Serbia,2007,2248.155036
Serbia,2008,2289.995459
Serbia,2009,2070.229279
Serbia,2010,2141.055205
Serbia,2011,2237.461224
Serbia,2012,2020.395115
Serbia,2013,2080.972545
Serbia,2014,1859.428888
Serbia,2015,NA
Seychelles,2000,NA
Seychelles,2001,NA
Seychelles,2002,NA
Seychelles,2003,NA
Seychelles,2004,3103.9709
Seychelles,2005,2751.695672
Seychelles,2006,2872.340426
Seychelles,2007,2410.828737
Seychelles,2008,NA
Seychelles,2009,NA
Seychelles,2010,NA
Seychelles,2011,NA
Seychelles,2012,NA
Seychelles,2013,NA
Seychelles,2014,NA
Seychelles,2015,NA
Sierra Leone,2000,NA
Sierra Leone,2001,NA
Sierra Leone,2002,NA
Sierra Leone,2003,NA
Sierra Leone,2004,NA
Sierra Leone,2005,NA
Sierra Leone,2006,NA
Sierra Leone,2007,NA
Sierra Leone,2008,NA
Sierra Leone,2009,NA
Sierra Leone,2010,NA
Sierra Leone,2011,NA
Sierra Leone,2012,NA
Sierra Leone,2013,NA
Sierra Leone,2014,NA
Sierra Leone,2015,NA
Singapore,2000,4634.72585
Singapore,2001,5145.885754
Singapore,2002,5065.984507
Singapore,2003,6216.739177
Singapore,2004,7370.652877
Singapore,2005,5055.96632
Singapore,2006,5264.398658
Singapore,2007,4677.204306
Singapore,2008,5094.135714
Singapore,2009,4257.776277
Singapore,2010,5006.620992
Singapore,2011,5069.171794
Singapore,2012,4898.330465
Singapore,2013,4880.40607
Singapore,2014,5121.804318
Singapore,2015,NA
Sint Maarten (Dutch part),2000,NA
Sint Maarten (Dutch part),2001,NA
Sint Maarten (Dutch part),2002,NA
Sint Maarten (Dutch part),2003,NA
Sint Maarten (Dutch part),2004,NA
Sint Maarten (Dutch part),2005,NA
Sint Maarten (Dutch part),2006,NA
Sint Maarten (Dutch part),2007,NA
Sint Maarten (Dutch part),2008,NA
Sint Maarten (Dutch part),2009,NA
Sint Maarten (Dutch part),2010,NA
Sint Maarten (Dutch part),2011,NA
Sint Maarten (Dutch part),2012,NA
Sint Maarten (Dutch part),2013,NA
Sint Maarten (Dutch part),2014,NA
Sint Maarten (Dutch part),2015,NA
Slovakia,2000,3292.609005
Slovakia,2001,3456.705473
Slovakia,2002,3483.867506
Slovakia,2003,3468.783673
Slovakia,2004,3416.24785
Slovakia,2005,3504.475593
Slovakia,2006,3469.291394
Slovakia,2007,3320.454722
Slovakia,2008,3405.692968
Slovakia,2009,3106.686165
Slovakia,2010,3306.805544
Slovakia,2011,3213.949767
Slovakia,2012,3080.725034
Slovakia,2013,3130.926574
Slovakia,2014,2943.18916
Slovakia,2015,3003.66422
Slovenia,2000,3224.379501
Slovenia,2001,3381.112015
Slovenia,2002,3424.452879
Slovenia,2003,3463.52493
Slovenia,2004,3571.194865
Slovenia,2005,3645.837437
Slovenia,2006,3648.982893
Slovenia,2007,3632.565326
Slovenia,2008,3836.621785
Slovenia,2009,3496.229535
Slovenia,2010,3579.072461
Slovenia,2011,3567.983036
Slovenia,2012,3424.040145
Slovenia,2013,3330.990076
Slovenia,2014,3236.236045
Slovenia,2015,3174.872585
Solomon Islands,2000,NA
Solomon Islands,2001,NA
Solomon Islands,2002,NA
Solomon Islands,2003,NA
Solomon Islands,2004,126.4886956
Solomon Islands,2005,123.4257892
Solomon Islands,2006,122.6412349
Solomon Islands,2007,130.0464103
Solomon Islands,2008,NA
Solomon Islands,2009,NA
Solomon Islands,2010,NA
Solomon Islands,2011,NA
Solomon Islands,2012,NA
Solomon Islands,2013,NA
Solomon Islands,2014,NA
Solomon Islands,2015,NA
Somalia,2000,NA
Somalia,2001,NA
Somalia,2002,NA
Somalia,2003,NA
Somalia,2004,NA
Somalia,2005,NA
Somalia,2006,NA
Somalia,2007,NA
Somalia,2008,NA
Somalia,2009,NA
Somalia,2010,NA
Somalia,2011,NA
Somalia,2012,NA
Somalia,2013,NA
Somalia,2014,NA
Somalia,2015,NA
South Africa,2000,2424.881562
South Africa,2001,2461.026369
South Africa,2002,2384.137081
South Africa,2003,2518.333171
South Africa,2004,2716.293461
South Africa,2005,2678.553889
South Africa,2006,2625.795062
South Africa,2007,2775.615654
South Africa,2008,2950.153669
South Africa,2009,2852.095561
South Africa,2010,2768.094669
South Africa,2011,2716.659598
South Africa,2012,2636.617553
South Africa,2013,2602.743258
South Africa,2014,2695.416479
South Africa,2015,NA
South Sudan,2000,NA
South Sudan,2001,NA
South Sudan,2002,NA
South Sudan,2003,NA
South Sudan,2004,NA
South Sudan,2005,NA
South Sudan,2006,NA
South Sudan,2007,NA
South Sudan,2008,NA
South Sudan,2009,NA
South Sudan,2010,NA
South Sudan,2011,NA
South Sudan,2012,63.66971281
South Sudan,2013,65.39330235
South Sudan,2014,66.34199545
South Sudan,2015,NA
Spain,2000,3003.761672
Spain,2001,3060.881809
Spain,2002,3107.867341
Spain,2003,3157.227264
Spain,2004,3238.502447
Spain,2005,3251.397133
Spain,2006,3194.081246
Spain,2007,3180.03342
Spain,2008,3026.338408
Spain,2009,2757.691412
Spain,2010,2742.877182
Spain,2011,2689.684337
Spain,2012,2683.367935
Spain,2013,2512.105919
Spain,2014,2464.641291
Spain,2015,2571.340962
Sri Lanka,2000,443.4264526
Sri Lanka,2001,425.6340906
Sri Lanka,2002,430.0446815
Sri Lanka,2003,451.6189289
Sri Lanka,2004,453.8068586
Sri Lanka,2005,460.5093132
Sri Lanka,2006,461.1367746
Sri Lanka,2007,466.7071598
Sri Lanka,2008,456.0943403
Sri Lanka,2009,449.5265438
Sri Lanka,2010,480.7718608
Sri Lanka,2011,512.6741106
Sri Lanka,2012,551.0207099
Sri Lanka,2013,487.3784309
Sri Lanka,2014,515.5110213
Sri Lanka,2015,NA
Saint Kitts and Nevis,2000,NA
Saint Kitts and Nevis,2001,NA
Saint Kitts and Nevis,2002,NA
Saint Kitts and Nevis,2003,NA
Saint Kitts and Nevis,2004,1640.653671
Saint Kitts and Nevis,2005,1686.160676
Saint Kitts and Nevis,2006,1669.025838
Saint Kitts and Nevis,2007,1737.528523
Saint Kitts and Nevis,2008,NA
Saint Kitts and Nevis,2009,NA
Saint Kitts and Nevis,2010,NA
Saint Kitts and Nevis,2011,NA
Saint Kitts and Nevis,2012,NA
Saint Kitts and Nevis,2013,NA
Saint Kitts and Nevis,2014,NA
Saint Kitts and Nevis,2015,NA
Saint Lucia,2000,NA
Saint Lucia,2001,NA
Saint Lucia,2002,NA
Saint Lucia,2003,NA
Saint Lucia,2004,741.5830326
Saint Lucia,2005,752.6756702
Saint Lucia,2006,719.5506134
Saint Lucia,2007,763.5454757
Saint Lucia,2008,NA
Saint Lucia,2009,NA
Saint Lucia,2010,NA
Saint Lucia,2011,NA
Saint Lucia,2012,NA
Saint Lucia,2013,NA
Saint Lucia,2014,NA
Saint Lucia,2015,NA
Saint Martin (French part),2000,NA
Saint Martin (French part),2001,NA
Saint Martin (French part),2002,NA
Saint Martin (French part),2003,NA
Saint Martin (French part),2004,NA
Saint Martin (French part),2005,NA
Saint Martin (French part),2006,NA
Saint Martin (French part),2007,NA
Saint Martin (French part),2008,NA
Saint Martin (French part),2009,NA
Saint Martin (French part),2010,NA
Saint Martin (French part),2011,NA
Saint Martin (French part),2012,NA
Saint Martin (French part),2013,NA
Saint Martin (French part),2014,NA
Saint Martin (French part),2015,NA
Saint Vincent and the Grenadines,2000,NA
Saint Vincent and the Grenadines,2001,NA
Saint Vincent and the Grenadines,2002,NA
Saint Vincent and the Grenadines,2003,NA
Saint Vincent and the Grenadines,2004,608.2276615
Saint Vincent and the Grenadines,2005,616.8633878
Saint Vincent and the Grenadines,2006,644.5494139
Saint Vincent and the Grenadines,2007,645.0542767
Saint Vincent and the Grenadines,2008,NA
Saint Vincent and the Grenadines,2009,NA
Saint Vincent and the Grenadines,2010,NA
Saint Vincent and the Grenadines,2011,NA
Saint Vincent and the Grenadines,2012,NA
Saint Vincent and the Grenadines,2013,NA
Saint Vincent and the Grenadines,2014,NA
Saint Vincent and the Grenadines,2015,NA
Sudan,2000,382.6431125
Sudan,2001,389.6232347
Sudan,2002,411.1375052
Sudan,2003,388.4587308
Sudan,2004,377.3984588
Sudan,2005,373.629041
Sudan,2006,389.9966343
Sudan,2007,366.495542
Sudan,2008,361.9452724
Sudan,2009,364.0554861
Sudan,2010,361.8942782
Sudan,2011,351.2109591
Sudan,2012,379.7261751
Sudan,2013,379.8266887
Sudan,2014,380.8738409
Sudan,2015,NA
Suriname,2000,1339.186825
Suriname,2001,1417.081083
Suriname,2002,978.6573986
Suriname,2003,1031.850358
Suriname,2004,1117.422217
Suriname,2005,1265.492201
Suriname,2006,1188.910571
Suriname,2007,1111.911436
Suriname,2008,1160.958149
Suriname,2009,1152.479483
Suriname,2010,1355.643079
Suriname,2011,1305.553116
Suriname,2012,1440.39967
Suriname,2013,1264.239578
Suriname,2014,1247.311478
Suriname,2015,NA
Eswatini,2000,NA
Eswatini,2001,NA
Eswatini,2002,NA
Eswatini,2003,NA
Eswatini,2004,395.6012262
Eswatini,2005,387.1610037
Eswatini,2006,391.8570938
Eswatini,2007,405.6962438
Eswatini,2008,NA
Eswatini,2009,NA
Eswatini,2010,NA
Eswatini,2011,NA
Eswatini,2012,NA
Eswatini,2013,NA
Eswatini,2014,NA
Eswatini,2015,NA
Sweden,2000,5360.145147
Sweden,2001,5680.280487
Sweden,2002,5802.110105
Sweden,2003,5650.43805
Sweden,2004,5847.344163
Sweden,2005,5711.127283
Sweden,2006,5529.077953
Sweden,2007,5472.135392
Sweden,2008,5379.959103
Sweden,2009,4883.20049
Sweden,2010,5427.925046
Sweden,2011,5274.643613
Sweden,2012,5269.485998
Sweden,2013,5146.53359
Sweden,2014,4966.435921
Sweden,2015,5102.785578
Switzerland,2000,3480.591572
Switzerland,2001,3673.292573
Switzerland,2002,3553.740257
Switzerland,2003,3542.065603
Switzerland,2004,3530.578345
Switzerland,2005,3488.218348
Switzerland,2006,3619.151639
Switzerland,2007,3410.819883
Switzerland,2008,3499.790982
Switzerland,2009,3481.852845
Switzerland,2010,3347.618356
Switzerland,2011,3205.328271
Switzerland,2012,3202.834337
Switzerland,2013,3304.115438
Switzerland,2014,3059.936749
Switzerland,2015,2960.073389
Syrian Arab Republic,2000,940.8858701
Syrian Arab Republic,2001,944.775974
Syrian Arab Republic,2002,963.4260779
Syrian Arab Republic,2003,949.8857723
Syrian Arab Republic,2004,969.7641187
Syrian Arab Republic,2005,1132.379266
Syrian Arab Republic,2006,1134.852574
Syrian Arab Republic,2007,1138.972618
Syrian Arab Republic,2008,1117.910449
Syrian Arab Republic,2009,1013.468816
Syrian Arab Republic,2010,1013.916845
Syrian Arab Republic,2011,943.5072845
Syrian Arab Republic,2012,726.1981277
Syrian Arab Republic,2013,594.1813825
Syrian Arab Republic,2014,577.1856869
Syrian Arab Republic,2015,NA
Tajikistan,2000,345.6473832
Tajikistan,2001,335.6489098
Tajikistan,2002,331.0126069
Tajikistan,2003,331.4249672
Tajikistan,2004,351.9198594
Tajikistan,2005,344.6732008
Tajikistan,2006,348.5481656
Tajikistan,2007,365.133196
Tajikistan,2008,340.3397814
Tajikistan,2009,289.5285151
Tajikistan,2010,289.0730843
Tajikistan,2011,283.4931036
Tajikistan,2012,298.0087837
Tajikistan,2013,322.7369171
Tajikistan,2014,339.8521453
Tajikistan,2015,NA
"Tanzania, United Republic of",2000,401.8601351
"Tanzania, United Republic of",2001,413.4392932
"Tanzania, United Republic of",2002,422.7542274
"Tanzania, United Republic of",2003,427.3218712
"Tanzania, United Republic of",2004,440.5205361
"Tanzania, United Republic of",2005,448.450234
"Tanzania, United Republic of",2006,451.6903896
"Tanzania, United Republic of",2007,454.6441036
"Tanzania, United Republic of",2008,456.8235194
"Tanzania, United Republic of",2009,456.3564739
"Tanzania, United Republic of",2010,465.929495
"Tanzania, United Republic of",2011,478.2353766
"Tanzania, United Republic of",2012,492.6670498
"Tanzania, United Republic of",2013,495.4295453
"Tanzania, United Republic of",2014,497.076731
"Tanzania, United Republic of",2015,NA
Thailand,2000,1148.249521
Thailand,2001,1170.744417
Thailand,2002,1283.933139
Thailand,2003,1380.501503
Thailand,2004,1481.572598
Thailand,2005,1513.470037
Thailand,2006,1533.995423
Thailand,2007,1590.075843
Thailand,2008,1624.829222
Thailand,2009,1610.683361
Thailand,2010,1753.702595
Thailand,2011,1743.240604
Thailand,2012,1860.317575
Thailand,2013,1991.593614
Thailand,2014,1969.001719
Thailand,2015,NA
Timor-Leste,2000,NA
Timor-Leste,2001,NA
Timor-Leste,2002,NA
Timor-Leste,2003,NA
Timor-Leste,2004,59.67735131
Timor-Leste,2005,58.28354947
Timor-Leste,2006,58.04618509
Timor-Leste,2007,58.85803827
Timor-Leste,2008,NA
Timor-Leste,2009,NA
Timor-Leste,2010,NA
Timor-Leste,2011,NA
Timor-Leste,2012,NA
Timor-Leste,2013,NA
Timor-Leste,2014,NA
Timor-Leste,2015,NA
Togo,2000,428.6278821
Togo,2001,415.9445198
Togo,2002,419.5782169
Togo,2003,431.9859214
Togo,2004,425.5900856
Togo,2005,422.6491721
Togo,2006,410.6965614
Togo,2007,415.0082791
Togo,2008,421.0823846
Togo,2009,498.4348491
Togo,2010,485.1128498
Togo,2011,475.0172947
Togo,2012,461.0402983
Togo,2013,461.1043347
Togo,2014,462.4909481
Togo,2015,NA
Tonga,2000,NA
Tonga,2001,NA
Tonga,2002,NA
Tonga,2003,NA
Tonga,2004,568.760103
Tonga,2005,564.8877657
Tonga,2006,560.4389122
Tonga,2007,565.4068492
Tonga,2008,NA
Tonga,2009,NA
Tonga,2010,NA
Tonga,2011,NA
Tonga,2012,NA
Tonga,2013,NA
Tonga,2014,NA
Tonga,2015,NA
Trinidad and Tobago,2000,7764.84213
Trinidad and Tobago,2001,8640.842634
Trinidad and Tobago,2002,9361.374336
Trinidad and Tobago,2003,10417.69253
Trinidad and Tobago,2004,10880.11066
Trinidad and Tobago,2005,12430.52845
Trinidad and Tobago,2006,13805.01335
Trinidad and Tobago,2007,14617.04183
Trinidad and Tobago,2008,14127.16641
Trinidad and Tobago,2009,14210.55014
Trinidad and Tobago,2010,15108.65288
Trinidad and Tobago,2011,14775.9767
Trinidad and Tobago,2012,14312.39269
Trinidad and Tobago,2013,14478.93477
Trinidad and Tobago,2014,14363.51592
Trinidad and Tobago,2015,NA
Tunisia,2000,752.5387939
Tunisia,2001,787.3394294
Tunisia,2002,791.5549914
Tunisia,2003,807.1756071
Tunisia,2004,844.3922474
Tunisia,2005,822.6588888
Tunisia,2006,857.9101468
Tunisia,2007,877.1506394
Tunisia,2008,905.1782272
Tunisia,2009,870.0455286
Tunisia,2010,966.7602361
Tunisia,2011,913.5700641
Tunisia,2012,944.4204952
Tunisia,2013,950.6742977
Tunisia,2014,950.4907305
Tunisia,2015,NA
Turkey,2000,1201.085911
Turkey,2001,1094.184604
Turkey,2002,1139.351997
Turkey,2003,1178.379689
Turkey,2004,1204.666657
Turkey,2005,1240.16527
Turkey,2006,1354.807007
Turkey,2007,1437.163425
Turkey,2008,1401.775559
Turkey,2009,1371.130339
Turkey,2010,1474.668183
Turkey,2011,1545.478933
Turkey,2012,1583.634411
Turkey,2013,1540.098243
Turkey,2014,1573.7159
Turkey,2015,1651.361454
Turkmenistan,2000,3294.768998
Turkmenistan,2001,3321.977493
Turkmenistan,2002,3431.574586
Turkmenistan,2003,3788.406491
Turkmenistan,2004,3915.200299
Turkmenistan,2005,4032.956186
Turkmenistan,2006,4082.799163
Turkmenistan,2007,4594.929592
Turkmenistan,2008,4587.451758
Turkmenistan,2009,3970.285869
Turkmenistan,2010,4459.24517
Turkmenistan,2011,4769.809928
Turkmenistan,2012,4847.756032
Turkmenistan,2013,4883.146258
Turkmenistan,2014,4893.409616
Turkmenistan,2015,NA
Turks and Caicos Islands,2000,NA
Turks and Caicos Islands,2001,NA
Turks and Caicos Islands,2002,NA
Turks and Caicos Islands,2003,NA
Turks and Caicos Islands,2004,NA
Turks and Caicos Islands,2005,NA
Turks and Caicos Islands,2006,NA
Turks and Caicos Islands,2007,NA
Turks and Caicos Islands,2008,NA
Turks and Caicos Islands,2009,NA
Turks and Caicos Islands,2010,NA
Turks and Caicos Islands,2011,NA
Turks and Caicos Islands,2012,NA
Turks and Caicos Islands,2013,NA
Turks and Caicos Islands,2014,NA
Turks and Caicos Islands,2015,NA
Tuvalu,2000,NA
Tuvalu,2001,NA
Tuvalu,2002,NA
Tuvalu,2003,NA
Tuvalu,2004,NA
Tuvalu,2005,NA
Tuvalu,2006,NA
Tuvalu,2007,NA
Tuvalu,2008,NA
Tuvalu,2009,NA
Tuvalu,2010,NA
Tuvalu,2011,NA
Tuvalu,2012,NA
Tuvalu,2013,NA
Tuvalu,2014,NA
Tuvalu,2015,NA
Uganda,2000,NA
Uganda,2001,NA
Uganda,2002,NA
Uganda,2003,NA
Uganda,2004,NA
Uganda,2005,NA
Uganda,2006,NA
Uganda,2007,NA
Uganda,2008,NA
Uganda,2009,NA
Uganda,2010,NA
Uganda,2011,NA
Uganda,2012,NA
Uganda,2013,NA
Uganda,2014,NA
Uganda,2015,NA
Ukraine,2000,2720.688215
Ukraine,2001,2755.638645
Ukraine,2002,2813.161442
Ukraine,2003,3025.135534
Ukraine,2004,3031.497888
Ukraine,2005,3033.182323
Ukraine,2006,2935.290056
Ukraine,2007,2996.210418
Ukraine,2008,2910.661591
Ukraine,2009,2487.034608
Ukraine,2010,2886.991993
Ukraine,2011,2768.924974
Ukraine,2012,2687.05604
Ukraine,2013,2553.113821
Ukraine,2014,2334.396422
Ukraine,2015,NA
United Arab Emirates,2000,10057.93504
United Arab Emirates,2001,12172.42399
United Arab Emirates,2002,11462.47575
United Arab Emirates,2003,10568.8275
United Arab Emirates,2004,10286.82068
United Arab Emirates,2005,9698.2879
United Arab Emirates,2006,8716.289692
United Arab Emirates,2007,8127.945004
United Arab Emirates,2008,8367.15153
United Arab Emirates,2009,7572.354438
United Arab Emirates,2010,7215.218899
United Arab Emirates,2011,7190.970335
United Arab Emirates,2012,7481.193875
United Arab Emirates,2013,7604.839686
United Arab Emirates,2014,7648.399884
United Arab Emirates,2015,NA
United Kingdom,2000,3785.753126
United Kingdom,2001,3784.928174
United Kingdom,2002,3685.869487
United Kingdom,2003,3731.609718
United Kingdom,2004,3694.478595
United Kingdom,2005,3686.359905
United Kingdom,2006,3598.810406
United Kingdom,2007,3441.640219
United Kingdom,2008,3361.980517
United Kingdom,2009,3145.585662
United Kingdom,2010,3230.615984
United Kingdom,2011,2972.153065
United Kingdom,2012,3042.859871
United Kingdom,2013,2987.700589
United Kingdom,2014,2777.310987
United Kingdom,2015,2764.516671
United States,2000,8056.86385
United States,2001,7827.886325
United States,2002,7843.344849
United States,2003,7794.23553
United States,2004,7881.578642
United States,2005,7846.499688
United States,2006,7697.652535
United States,2007,7758.165986
United States,2008,7488.081921
United States,2009,7056.783653
United States,2010,7161.553355
United States,2011,7030.554961
United States,2012,6873.049271
United States,2013,6907.04604
United States,2014,6962.549817
United States,2015,6806.199939
Uruguay,2000,931.3659279
Uruguay,2001,815.3952836
Uruguay,2002,763.0948515
Uruguay,2003,759.0944703
Uruguay,2004,863.7819451
Uruguay,2005,890.2264824
Uruguay,2006,957.0791613
Uruguay,2007,950.1147896
Uruguay,2008,1243.374914
Uruguay,2009,1232.981936
Uruguay,2010,1216.641984
Uruguay,2011,1311.487847
Uruguay,2012,1372.40032
Uruguay,2013,1357.831783
Uruguay,2014,1386.020137
Uruguay,2015,NA
Uzbekistan,2000,2063.585378
Uzbekistan,2001,2050.219172
Uzbekistan,2002,2109.31946
Uzbekistan,2003,2015.767308
Uzbekistan,2004,1964.132097
Uzbekistan,2005,1799.40318
Uzbekistan,2006,1815.949789
Uzbekistan,2007,1777.914768
Uzbekistan,2008,1823.311821
Uzbekistan,2009,1591.991076
Uzbekistan,2010,1512.821507
Uzbekistan,2011,1613.810098
Uzbekistan,2012,1625.988144
Uzbekistan,2013,1419.477767
Uzbekistan,2014,NA
Uzbekistan,2015,NA
Vanuatu,2000,NA
Vanuatu,2001,NA
Vanuatu,2002,NA
Vanuatu,2003,NA
Vanuatu,2004,146.9673292
Vanuatu,2005,143.3472539
Vanuatu,2006,144.6097868
Vanuatu,2007,159.4736458
Vanuatu,2008,NA
Vanuatu,2009,NA
Vanuatu,2010,NA
Vanuatu,2011,NA
Vanuatu,2012,NA
Vanuatu,2013,NA
Vanuatu,2014,NA
Vanuatu,2015,NA
"Venezuela, Bolivarian Republic of",2000,2119.362755
"Venezuela, Bolivarian Republic of",2001,2152.82309
"Venezuela, Bolivarian Republic of",2002,2294.353901
"Venezuela, Bolivarian Republic of",2003,2072.663405
"Venezuela, Bolivarian Republic of",2004,2170.253226
"Venezuela, Bolivarian Republic of",2005,2130.138386
"Venezuela, Bolivarian Republic of",2006,2336.153698
"Venezuela, Bolivarian Republic of",2007,2129.278568
"Venezuela, Bolivarian Republic of",2008,2347.901811
"Venezuela, Bolivarian Republic of",2009,2319.653709
"Venezuela, Bolivarian Republic of",2010,2545.027345
"Venezuela, Bolivarian Republic of",2011,2326.117823
"Venezuela, Bolivarian Republic of",2012,2488.273475
"Venezuela, Bolivarian Republic of",2013,2308.741823
"Venezuela, Bolivarian Republic of",2014,NA
"Venezuela, Bolivarian Republic of",2015,NA
Viet Nam,2000,359.6033143
Viet Nam,2001,379.5465756
Viet Nam,2002,410.1504534
Viet Nam,2003,426.6101523
Viet Nam,2004,469.1355715
Viet Nam,2005,492.0724513
Viet Nam,2006,499.5559313
Viet Nam,2007,532.4878224
Viet Nam,2008,563.9279605
Viet Nam,2009,609.2761386
Viet Nam,2010,669.6999218
Viet Nam,2011,662.5571706
Viet Nam,2012,667.3200042
Viet Nam,2013,660.3341082
Viet Nam,2014,NA
Viet Nam,2015,NA
"Virgin Islands, U.S.",2000,NA
"Virgin Islands, U.S.",2001,NA
"Virgin Islands, U.S.",2002,NA
"Virgin Islands, U.S.",2003,NA
"Virgin Islands, U.S.",2004,NA
"Virgin Islands, U.S.",2005,NA
"Virgin Islands, U.S.",2006,NA
"Virgin Islands, U.S.",2007,NA
"Virgin Islands, U.S.",2008,NA
"Virgin Islands, U.S.",2009,NA
"Virgin Islands, U.S.",2010,NA
"Virgin Islands, U.S.",2011,NA
"Virgin Islands, U.S.",2012,NA
"Virgin Islands, U.S.",2013,NA
"Virgin Islands, U.S.",2014,NA
"Virgin Islands, U.S.",2015,NA
"Palestine, State of",2000,NA
"Palestine, State of",2001,NA
"Palestine, State of",2002,NA
"Palestine, State of",2003,NA
"Palestine, State of",2004,NA
"Palestine, State of",2005,NA
"Palestine, State of",2006,NA
"Palestine, State of",2007,NA
"Palestine, State of",2008,NA
"Palestine, State of",2009,NA
"Palestine, State of",2010,NA
"Palestine, State of",2011,NA
"Palestine, State of",2012,NA
"Palestine, State of",2013,NA
"Palestine, State of",2014,NA
"Palestine, State of",2015,NA
Yemen,2000,272.6614606
Yemen,2001,293.8220451
Yemen,2002,276.5161811
Yemen,2003,298.467369
Yemen,2004,316.5146357
Yemen,2005,327.6094896
Yemen,2006,340.8863918
Yemen,2007,324.2673622
Yemen,2008,332.42086
Yemen,2009,358.6423887
Yemen,2010,338.2601187
Yemen,2011,277.833521
Yemen,2012,244.4377269
Yemen,2013,328.6890354
Yemen,2014,NA
Yemen,2015,NA
Zambia,2000,600.034044
Zambia,2001,603.0789007
Zambia,2002,607.7285394
Zambia,2003,612.030407
Zambia,2004,613.652384
Zambia,2005,617.7109839
Zambia,2006,615.1071088
Zambia,2007,599.1048678
Zambia,2008,603.2318094
Zambia,2009,600.8069987
Zambia,2010,604.4057526
Zambia,2011,619.4008027
Zambia,2012,630.3311946
Zambia,2013,644.9790252
Zambia,2014,NA
Zambia,2015,NA
Zimbabwe,2000,842.3658944
Zimbabwe,2001,837.1072619
Zimbabwe,2002,820.3224115
Zimbabwe,2003,782.6855015
Zimbabwe,2004,762.3191418
Zimbabwe,2005,796.2583153
Zimbabwe,2006,809.9859561
Zimbabwe,2007,787.371199
Zimbabwe,2008,724.2926216
Zimbabwe,2009,729.3790485
Zimbabwe,2010,744.9325363
Zimbabwe,2011,795.0545031
Zimbabwe,2012,824.2429298
Zimbabwe,2013,845.3608278
Zimbabwe,2014,NA
Zimbabwe,2015,NA
